"Year","Abundance","se","ci_l","ci_u","cv","Species"
"1991",5.48529411764706,1.18809761496691,3.15666558219398,7.81392265310014,0.216596884229892,"Red Drum"
"1992",8.5125,1.83604418974838,4.91391951406914,12.1110804859309,0.215688010543129,"Red Drum"
"1993",5.6382252559727,1.04338264397093,3.5932328516955,7.68321766024989,0.185055154166757,"Red Drum"
"1994",5.33142857142857,1.05532438168669,3.26303079131566,7.39982635154148,0.197944015857632,"Red Drum"
"1995",4.00891530460624,0.407043089336428,3.21112550935092,4.80670509986156,0.10153446965286,"Red Drum"
"1996",4.26301369863014,0.474338262409414,3.33332778781838,5.1926996094419,0.111268294202722,"Red Drum"
"1997",3.77032258064516,0.513311697384336,2.76425014092874,4.77639502036158,0.136145299614258,"Red Drum"
"1998",2.57843137254902,0.22461255650649,2.13819885132083,3.01866389377721,0.0871120941584107,"Red Drum"
"1999",2.55473684210526,0.310262512302386,1.94663349223967,3.16284019197086,0.121445977209422,"Red Drum"
"2000",1.89988358556461,0.220401319032404,1.46790493811598,2.33186223301324,0.116007802113257,"Red Drum"
"2001",3.63365155131265,0.342859109659146,2.96166004460925,4.30564305801605,0.0943566285367372,"Red Drum"
"2002",4.29277108433735,0.455254811567159,3.40048804987715,5.18505411879755,0.106051499747612,"Red Drum"
"2003",5.49628055260361,0.459110152867897,4.59644118804586,6.39611991716137,0.0835310622290586,"Red Drum"
"2004",5.34191555097837,0.490985154507682,4.37960233119948,6.30422877075726,0.0919118151199074,"Red Drum"
"2005",4.45454545454545,0.469877611238777,3.53360225937574,5.37548864971517,0.105482729053603,"Red Drum"
"2006",3.62200435729848,0.368777655484547,2.89921343424564,4.34479528035131,0.101815906085658,"Red Drum"
"2007",2.69459172852598,0.230746051295737,2.24233777841151,3.14684567864046,0.0856330288751986,"Red Drum"
"2008",3.0154355016538,0.284463309551195,2.45789766001039,3.57297334329721,0.0943357300778552,"Red Drum"
"2009",3.12637362637363,0.308763993453707,2.5212073194816,3.73153993326565,0.0987610664474071,"Red Drum"
"2010",4.33260153677278,0.34162341145433,3.66303195404658,5.00217111949897,0.0788494876703558,"Red Drum"
"2011",2.82150313152401,0.385321667010476,2.06628654172054,3.57671972132748,0.136566095817993,"Red Drum"
"2012",2.00315457413249,0.243727510612826,1.52545743128975,2.48085171697524,0.121671843880734,"Red Drum"
"2013",2.40711009174312,0.241432507807007,1.9339110717442,2.88030911174204,0.1002997364496,"Red Drum"
"2014",1.74018475750577,0.195498252652835,1.3570152232657,2.12335429174584,0.112343388717555,"Red Drum"
"2015",1.40972222222222,0.143762410255847,1.12795307579009,1.69149136865435,0.10197924668395,"Red Drum"
"2016",1.64172335600907,0.197995688682042,1.25365893709806,2.02978777492008,0.120602346282846,"Red Drum"
"2017",1.2078431372549,0.119161132287668,0.97429160961406,1.44139466489574,0.0986561322511534,"Red Drum"
"2018",1.8280487804878,0.323181265300547,1.19462514002065,2.46147242095496,0.176790285221113,"Red Drum"
"1991",3.11764705882353,0.493224028233903,2.15094572717531,4.08434839047175,0.15820393358446,"Spotted Seatrout"
"1992",2.7,0.453752486615346,1.81066146833843,3.58933853166157,0.168056476524202,"Spotted Seatrout"
"1993",2.81569965870307,0.356187829168583,2.11758434180114,3.513814975605,0.126500647207751,"Spotted Seatrout"
"1994",2.72190476190476,0.252971282633004,2.22609015882117,3.21771936498835,0.0929390646482344,"Spotted Seatrout"
"1995",3.17830609212481,0.352799206257372,2.48683235408605,3.86977983016358,0.11100227480655,"Spotted Seatrout"
"1996",2.35616438356164,0.180429008525799,2.00253002508481,2.70979874203848,0.0765774280371123,"Spotted Seatrout"
"1997",2.33290322580645,0.170046227244914,1.99961874469951,2.6661877069134,0.0728903905502258,"Spotted Seatrout"
"1998",3.8921568627451,0.267911539370196,3.36705989453683,4.41725383095337,0.0688336952538035,"Spotted Seatrout"
"1999",5.10421052631579,0.262826511620202,4.5890800293579,5.61934102327368,0.0514920985851086,"Spotted Seatrout"
"2000",5.44703143189756,0.340189744068117,4.78027178561415,6.11379107818096,0.0624541547669401,"Spotted Seatrout"
"2001",0.979713603818616,0.0799708590980272,0.822973600173755,1.13645360746348,0.0816267721365978,"Spotted Seatrout"
"2002",2.38072289156627,0.170048719512751,2.04743352570412,2.71401225742841,0.0714273467588982,"Spotted Seatrout"
"2003",2.45164718384697,0.165022872220568,2.1282082976693,2.77508607002464,0.0673110198350909,"Spotted Seatrout"
"2004",2.09165808444902,0.149269399557883,1.79909543732165,2.38422073157639,0.0713641491731682,"Spotted Seatrout"
"2005",2.59830866807611,0.177637894074117,2.2501447934013,2.94647254275092,0.0683667403556204,"Spotted Seatrout"
"2006",4.2037037037037,0.25960714840753,3.6948830426958,4.71252436471161,0.0617567665815269,"Spotted Seatrout"
"2007",3.85896076352068,0.25197529529454,3.36509825974954,4.35282326729182,0.0652961537407945,"Spotted Seatrout"
"2008",4.24586549062845,0.300362792163246,3.65716523569259,4.8345657455643,0.0707424182010034,"Spotted Seatrout"
"2009",4.37032967032967,0.291346548423846,3.79930092839888,4.94135841226046,0.066664661570455,"Spotted Seatrout"
"2010",2.20965971459934,0.17138836547263,1.8737446909038,2.54557473829488,0.077563239416575,"Spotted Seatrout"
"2011",1.68162839248434,0.136625098695071,1.41384811965777,1.94940866531091,0.0812457135629289,"Spotted Seatrout"
"2012",3.5068349106204,0.185656906232678,3.14295406092322,3.87071576031758,0.0529414446258702,"Spotted Seatrout"
"2013",4.50229357798165,0.291833697815443,3.93031004078824,5.07427711517506,0.0648188956941075,"Spotted Seatrout"
"2014",3.09353348729792,0.226869392605995,2.64887764859569,3.53818932600015,0.0733366532276193,"Spotted Seatrout"
"2015",3.68171296296296,0.267570258486375,3.1572848929956,4.20614103293033,0.0726754804565319,"Spotted Seatrout"
"2016",3.72902494331066,0.337974304069508,3.06660747963443,4.39144240698688,0.0906334254148087,"Spotted Seatrout"
"2017",3.62483660130719,0.227899556564554,3.17816167834801,4.07151152426636,0.0628716771625979,"Spotted Seatrout"
"2018",2.40609756097561,0.206041202120906,2.0022642254873,2.80993089646392,0.0856329375261749,"Spotted Seatrout"
"1991",5.94117647058824,0.964273515397975,4.05123510916238,7.83111783201409,0.162303462987778,"Striped Mullet"
"1992",24.65625,7.10755953014702,10.7256893029374,38.5868106970626,0.288266039245507,"Striped Mullet"
"1993",15.2764505119454,1.8213622421565,11.7066461145175,18.8462549093733,0.119226795565651,"Striped Mullet"
"1994",4.58666666666667,0.489201885826407,3.62784858927783,5.5454847440555,0.106657387898199,"Striped Mullet"
"1995",3.71768202080238,0.719058112692558,2.30835401713362,5.12701002447113,0.193415711367742,"Striped Mullet"
"1996",3.43698630136986,0.40235841807204,2.64837829307216,4.22559430966757,0.117067216099079,"Striped Mullet"
"1997",3.61935483870968,0.614388184155325,2.41517612523828,4.82353355218108,0.169750746067871,"Striped Mullet"
"1998",3.87254901960784,0.514474372004194,2.86419777951076,4.88090025970493,0.132851609985893,"Striped Mullet"
"1999",2.48526315789474,0.267116358378943,1.96172471579051,3.00880159999896,0.10748011031766,"Striped Mullet"
"2000",2.87194412107101,0.405001847547117,2.07815508620648,3.66573315593554,0.141020100139024,"Striped Mullet"
"2001",1.99403341288783,0.243987213849741,1.51582726105406,2.47223956472159,0.122358638663126,"Striped Mullet"
"2002",1.90602409638554,0.159662335504703,1.59309166910877,2.21895652366231,0.0837672177426695,"Striped Mullet"
"2003",3.33049946865037,0.358428886613289,2.62799175986954,4.03300717743121,0.1076201602754,"Striped Mullet"
"2004",2.66323377960865,0.299327956728221,2.07656176485537,3.24990579436193,0.112392670527109,"Striped Mullet"
"2005",2.28329809725159,0.265120860892389,1.76367075835225,2.80292543615092,0.116113117779722,"Striped Mullet"
"2006",2.73420479302832,0.25563394087333,2.23317147569055,3.23523811036609,0.0934948038731939,"Striped Mullet"
"2007",2.4729586426299,0.242907582808135,1.99686852875428,2.94904875650553,0.0982254933911112,"Striped Mullet"
"2008",3.75192943770673,0.411961495267467,2.94449974396522,4.55935913144823,0.109799904850894,"Striped Mullet"
"2009",2.62197802197802,0.325100682762223,1.98479239241468,3.25916365154136,0.12399062083555,"Striped Mullet"
"2010",2.95718990120746,0.336171559566768,2.29830575182994,3.61607405058499,0.11367939523583,"Striped Mullet"
"2011",1.7964509394572,0.195741582039276,1.41280448838333,2.18009739053107,0.10896016013575,"Striped Mullet"
"2012",2.0546792849632,0.251005999234502,1.56271656656008,2.54664200336631,0.122163104028665,"Striped Mullet"
"2013",2.3795871559633,0.258908026956594,1.87213674782005,2.88703756410655,0.108803758798145,"Striped Mullet"
"2014",1.59815242494226,0.226128869744874,1.15494798437756,2.04135686550697,0.141493931502212,"Striped Mullet"
"2015",2.06481481481481,0.26290767736371,1.54952523592287,2.58010439370676,0.127327485001259,"Striped Mullet"
"2016",2.01587301587302,0.339007289754495,1.35143093745767,2.68031509428836,0.168168970508136,"Striped Mullet"
"2017",2.74771241830065,0.398249357139237,1.96715802144152,3.52826681515979,0.144938514848485,"Striped Mullet"
"2018",4.49634146341463,0.740275071371694,3.0454289848733,5.94725394195597,0.164639424606669,"Striped Mullet"
"1991",6.62626262626263,2.41279901093983,1.8972634628867,11.3552617896386,0.364126680004639,"Spot"
"1992",4.392,1.24796911379923,1.94602548313514,6.83797451686486,0.284145973087257,"Spot"
"1993",1.4,0.383644861291894,0.648069889014023,2.15193011098598,0.274032043779924,"Spot"
"1994",5.66243654822335,1.76758978191896,2.19802423622117,9.12684886022553,0.312160633830601,"Spot"
"1995",1.90856031128405,0.472742883211829,0.982001286241237,2.83511933632686,0.247696067248604,"Spot"
"1996",2.34414414414414,0.464146087929636,1.4344345282369,3.25385376005139,0.198002366488046,"Spot"
"1997",2.16006884681583,0.3772424369263,1.42068725700016,2.89945043663151,0.174643709843968,"Spot"
"1998",3.35021707670043,0.376043231370517,2.61318588658416,4.08724826681671,0.112244437527873,"Spot"
"1999",6.28898426323319,0.596201736183703,5.12045033279288,7.4575181936735,0.0948009585060074,"Spot"
"2000",2.82015503875969,0.378859831914672,2.07760341301804,3.56270666450134,0.134340072339177,"Spot"
"2001",4.45958795562599,0.572244434690238,3.33800947327964,5.58116643797234,0.128317781908152,"Spot"
"2002",4.34323432343234,0.593499478411871,3.17999672090177,5.50647192596292,0.136649196017323,"Spot"
"2003",1.08751793400287,0.17589678897198,0.742766562621546,1.43226930538419,0.161741506482151,"Spot"
"2004",1.63853727144866,0.20156611758674,1.24347494047509,2.03359960242224,0.123015888072251,"Spot"
"2005",1.21418439716312,0.225866878773539,0.771493449466511,1.65687534485973,0.186023539176805,"Spot"
"2006",2.56541353383459,0.297363544483962,1.98259169633085,3.14823537133833,0.115912518805296,"Spot"
"2007",2.94920174165457,0.394576784820399,2.17584545427098,3.72255802903816,0.133791045640381,"Spot"
"2008",4.75190258751903,0.615106876330031,3.54631526326923,5.95748991176882,0.129444336242418,"Spot"
"2009",4.43693693693694,0.443705233906682,3.56729065872792,5.30658321514596,0.100002600941405,"Spot"
"2010",1.24631268436578,0.16799428504412,0.917049936070752,1.57557543266081,0.134793047644868,"Spot"
"2011",2.32692307692308,0.234275489773905,1.86775155450574,2.78609459934041,0.100680375770604,"Spot"
"2012",1.71551724137931,0.173023239805999,1.37639792287112,2.0546365598875,0.100857767927115,"Spot"
"2013",1.91392801251956,0.170379151361678,1.57999101213417,2.24786501290495,0.0890206686182441,"Spot"
"2014",1.38425196850394,0.151484515338216,1.08734777422553,1.68115616278234,0.109434206188586,"Spot"
"2015",1.61001517450683,0.413553526723805,0.799465156448648,2.42056519256501,0.256863123573032,"Spot"
"2016",0.43247344461305,0.0493328330126181,0.33578286865299,0.52916402057311,0.114071357737948,"Spot"
"2017",1.37722419928826,0.17437596282898,1.03545359237396,1.71899480620255,0.126614071201404,"Spot"
"2018",1.28140703517588,0.154490994561512,0.978610249899543,1.58420382045222,0.120563560461729,"Spot"
"1991",2.46153846153846,0.33533725329197,1.80428952241162,3.11878740066531,0.136230759149863,"Southern Flounder"
"1992",3.216,0.435656381897419,2.36212918184603,4.06987081815397,0.135465292878551,"Southern Flounder"
"1993",3.37914691943128,0.338150138975698,2.7163848256717,4.04190901319086,0.100069676471069,"Southern Flounder"
"1994",2.97686375321337,0.247010921144489,2.49273124398211,3.46099626244463,0.082976898381007,"Southern Flounder"
"1995",2.52046783625731,0.170178943574236,2.18692323592473,2.85401243658989,0.0675187919981307,"Southern Flounder"
"1996",1.83175803402646,0.183464547422351,1.47217412863872,2.19134193941421,0.100157632184132,"Southern Flounder"
"1997",1.75684931506849,0.122068176813162,1.51760008485623,1.99609854528076,0.069481301421917,"Southern Flounder"
"1998",1.76754385964912,0.126312306222995,1.51997628864786,2.01511143065039,0.0714620491782703,"Southern Flounder"
"1999",1.38833570412518,0.103311822245071,1.18584825334763,1.59082315490272,0.0744141506539807,"Southern Flounder"
"2000",1.17964071856287,0.0876172304918669,1.00791410237367,1.35136733475208,0.0742745050362526,"Southern Flounder"
"2001",1.3175355450237,0.09732074883744,1.12679038235385,1.50828070769355,0.0738657482183447,"Southern Flounder"
"2002",1.29192546583851,0.090155569515598,1.11522379658224,1.46862713509478,0.0697838783269773,"Southern Flounder"
"2003",1.54852320675105,0.104664736150019,1.34338409344563,1.75366232005648,0.0675900339715381,"Southern Flounder"
"2004",1.37730496453901,0.109953017099439,1.16180101103259,1.59280891804542,0.0798320052060806,"Southern Flounder"
"2005",1.47254335260116,0.0907574664543176,1.29466198702259,1.65042471817972,0.0616331371799684,"Southern Flounder"
"2006",1.2566765578635,0.0787722276815205,1.10228582862573,1.41106728710127,0.0626829769272076,"Southern Flounder"
"2007",0.706569343065693,0.051491599168968,0.605647663188144,0.807491022943243,0.0728755070883122,"Southern Flounder"
"2008",1.04109589041096,0.0725244382166944,0.898950603507238,1.18324117731468,0.0696616314449828,"Southern Flounder"
"2009",0.809667673716012,0.0649096011844178,0.682447193143695,0.936888154288329,0.0801682014628444,"Southern Flounder"
"2010",0.887573964497041,0.0621742886279504,0.76571459802186,1.00943333097222,0.0700496985208241,"Southern Flounder"
"2011",0.927792915531335,0.0812336519895342,0.768577883299188,1.08700794776348,0.087555801116473,"Southern Flounder"
"2012",0.787661406025825,0.0642319896237308,0.661769019707962,0.913553792343688,0.0815477172454287,"Southern Flounder"
"2013",0.85423197492163,0.0679958050569001,0.720962645910299,0.987501303932961,0.0795987589473436,"Southern Flounder"
"2014",0.978021978021978,0.0924141603035055,0.796893552165596,1.15915040387836,0.0944908830069551,"Southern Flounder"
"2015",0.984802431610942,0.0772908126471603,0.833315222486675,1.13628964073521,0.0784835721015918,"Southern Flounder"
"2016",0.722054380664653,0.0659691073134715,0.592757306237991,0.851351455091314,0.0913630733086153,"Southern Flounder"
"2017",0.431693989071038,0.0482582692501966,0.337109519384416,0.52627845875766,0.111788142693493,"Southern Flounder"
"2018",0.7,0.0607352828674395,0.580961032988966,0.819038967011034,0.0867646898106279,"Southern Flounder"
"1991",0,0,0,0,NA,"Blue Crab"
"1992",0,0,0,0,NA,"Blue Crab"
"1993",0,0,0,0,NA,"Blue Crab"
"1994",0,0,0,0,NA,"Blue Crab"
"1995",0,0,0,0,NA,"Blue Crab"
"1996",0,0,0,0,NA,"Blue Crab"
"1997",0,0,0,0,NA,"Blue Crab"
"1998",0,0,0,0,NA,"Blue Crab"
"1999",0.00323101777059774,0.00228119069329752,-0.00124003383013335,0.00770206937132883,0.706028519575582,"Blue Crab"
"2000",0,0,0,0,NA,"Blue Crab"
"2001",0,0,0,0,NA,"Blue Crab"
"2002",0,0,0,0,NA,"Blue Crab"
"2003",0,0,0,0,NA,"Blue Crab"
"2004",0,0,0,0,NA,"Blue Crab"
"2005",0,0,0,0,NA,"Blue Crab"
"2006",2.45362563237774,0.318143507572651,1.8300758156201,3.07717544913538,0.129662611677376,"Blue Crab"
"2007",2.86522462562396,0.282413113249768,2.31170509489258,3.41874415635534,0.098565784589495,"Blue Crab"
"2008",2.53217391304348,0.201602800337987,2.1370396851986,2.92730814088835,0.0796164905180925,"Blue Crab"
"2009",0.91566265060241,0.0881830174868546,0.742827112280109,1.08849818892471,0.0963051375185386,"Blue Crab"
"2010",3.45699831365936,0.520617855082173,2.43660606798981,4.47739055932891,0.150598238079868,"Blue Crab"
"2011",2.83487654320988,0.293678185847571,2.25927787590358,3.41047521051618,0.103594700288093,"Blue Crab"
"2012",2.55429497568882,0.239631267551503,2.08462632171819,3.02396362965944,0.0938150330452266,"Blue Crab"
"2013",1.80465949820789,0.228612312356331,1.35658759956706,2.25273139684872,0.126678917869744,"Blue Crab"
"2014",0.895117540687161,0.0917779782136232,0.715236008814558,1.07499907255976,0.102531761519462,"Blue Crab"
"2015",2.21790540540541,0.303499847235811,1.62305663550981,2.812754175301,0.136840753666108,"Blue Crab"
"2016",3.49657534246575,0.455608956401914,2.60359819688412,4.38955248804738,0.130301484103192,"Blue Crab"
"2017",2.09406952965235,0.218445031861386,1.66592513460233,2.52221392470237,0.104316035722869,"Blue Crab"
"2018",3.88576779026217,0.58272117076996,2.74365528252404,5.02788029800031,0.149962942260799,"Blue Crab"
"1991",2.45205479452055,0.466288753301954,1.53814563165264,3.36596395738846,0.190162452463925,"Atlantic Croaker"
"1992",1.45360824742268,0.325113933363876,0.816396647157329,2.09081984768803,0.22365993997373,"Atlantic Croaker"
"1993",0.822784810126582,0.172944901680844,0.483819031522307,1.16175058873086,0.210194572812103,"Atlantic Croaker"
"1994",0.422535211267606,0.0748590879481945,0.275814094973628,0.569256327561583,0.17716650814406,"Atlantic Croaker"
"1995",0.423173803526448,0.0648983223412146,0.295975429080597,0.5503721779723,0.153360916484894,"Atlantic Croaker"
"1996",0.35952380952381,0.0799524991929378,0.202819790631684,0.516227828415935,0.222384434841284,"Atlantic Croaker"
"1997",0.707964601769911,0.115253265306848,0.48207235266785,0.933856850871973,0.162795237245923,"Atlantic Croaker"
"1998",1.84585741811175,0.19271930660395,1.46813451804248,2.22358031818103,0.104406388442015,"Atlantic Croaker"
"1999",0.878957169459963,0.106742133557282,0.669746432054725,1.0881679068652,0.121441791780213,"Atlantic Croaker"
"2000",0.779296875,0.0913861431956896,0.600183325650428,0.958410424349572,0.117267431870158,"Atlantic Croaker"
"2001",0.431211498973306,0.0625142457891425,0.308685828705902,0.55373716924071,0.144973512853868,"Atlantic Croaker"
"2002",0.871635610766046,0.0908260656699019,0.693619793195568,1.04965142833652,0.104201875816063,"Atlantic Croaker"
"2003",1.10420475319927,0.117352467227938,0.874198143935593,1.33421136246294,0.106277813863712,"Atlantic Croaker"
"2004",0.263653483992467,0.0441873236719901,0.177047921022152,0.350259046962782,0.167596206213048,"Atlantic Croaker"
"2005",0.853159851301115,0.100632672343199,0.655923437840426,1.0503962647618,0.117952892637562,"Atlantic Croaker"
"2006",0.942486085343228,0.0942931794012951,0.757674849728916,1.12729732095754,0.100047290742713,"Atlantic Croaker"
"2007",1.55662188099808,0.171799878860153,1.21990030588384,1.89334345611232,0.110367123164167,"Atlantic Croaker"
"2008",1.59309021113244,0.259059645244237,1.08534263660601,2.10083778565886,0.162614548400298,"Atlantic Croaker"
"2009",2.09072580645161,0.174466767828973,1.74877722500771,2.43267438789551,0.0834479429538771,"Atlantic Croaker"
"2010",0.974308300395257,0.141085187051861,0.697786415021513,1.250830185769,0.14480548610191,"Atlantic Croaker"
"2011",1.68374558303887,0.223671440542776,1.24535761520484,2.1221335508729,0.132841590081019,"Atlantic Croaker"
"2012",0.91588785046729,0.103982901048002,0.712085109405213,1.11969059152937,0.113532351144247,"Atlantic Croaker"
"2013",1.22950819672131,0.143664998967228,0.94792997290656,1.51108642053606,0.116847532493346,"Atlantic Croaker"
"2014",1.08484848484848,0.102183666009132,0.884572179662316,1.28512479003465,0.0941916474385857,"Atlantic Croaker"
"2015",1.46365422396857,0.249764805120436,0.974124201326845,1.95318424661029,0.170644678934634,"Atlantic Croaker"
"2016",0.593448940269749,0.0777320355073129,0.441096950230428,0.745800930309071,0.130983527364595,"Atlantic Croaker"
"2017",1.28398058252427,0.152051597563486,0.985964927508061,1.58199623754048,0.118422038177989,"Atlantic Croaker"
"2018",1.17362637362637,0.126966613461359,0.924776384003091,1.42247636324966,0.108183163155278,"Atlantic Croaker"
"1991",1.9375,0.978527077909951,0.0196221693992773,3.85537783060072,0.505046233759975,"Atlantic Menhaden"
"1992",1.11627906976744,0.519190446784166,0.0986844929532174,2.13387364658167,0.465108108577482,"Atlantic Menhaden"
"1993",5.25,2.4318428327584,0.483675631731672,10.0163243682683,0.463208158620648,"Atlantic Menhaden"
"1994",0.969465648854962,0.498891507993387,-0.00834373900495244,1.94727503671488,0.514604626355383,"Atlantic Menhaden"
"1995",0.252747252747253,0.0693397345034852,0.116843870422852,0.388650635071653,0.274344166948572,"Atlantic Menhaden"
"1996",0.309782608695652,0.072547649434698,0.167591828640607,0.451973388750698,0.234188903438323,"Atlantic Menhaden"
"1997",0.737662337662338,0.434796937687785,-0.114524000794027,1.5898486761187,0.589425426090835,"Atlantic Menhaden"
"1998",0.731111111111111,0.434310836802694,-0.120122487117621,1.58234470933984,0.594042177997605,"Atlantic Menhaden"
"1999",1.10129310344828,0.494372223051515,0.132341351310304,2.07024485558625,0.448901588054605,"Atlantic Menhaden"
"2000",2.77426636568849,0.88324222075091,1.04314342339153,4.50538930798545,0.318369653208017,"Atlantic Menhaden"
"2001",0.685579196217494,0.209170410990593,0.27561272404449,1.0955456683905,0.305100289134555,"Atlantic Menhaden"
"2002",2.29326923076923,2.13743098346749,-1.89601851626707,6.48255697780553,0.932045376438653,"Atlantic Menhaden"
"2003",4.4453781512605,3.8250068632517,-3.05149754133134,11.9422538438524,0.860445778311818,"Atlantic Menhaden"
"2004",0.543388429752066,0.367106696144557,-0.176127473174755,1.26290433267889,0.675587988342074,"Atlantic Menhaden"
"2005",0.739784946236559,0.210704616159799,0.326811487187017,1.1527584052861,0.28481873986717,"Atlantic Menhaden"
"2006",3.28341013824885,1.41138864107453,0.517139233553833,6.04968104294386,0.429854505421998,"Atlantic Menhaden"
"2007",0.117256637168142,0.0493076625748938,0.0206153943594963,0.213897879976787,0.420510631770792,"Atlantic Menhaden"
"2008",0.371859296482412,0.107592968992566,0.160980952267248,0.582737640697576,0.289337849047576,"Atlantic Menhaden"
"2009",0.837528604118993,0.316758628365776,0.216693100729764,1.45836410750822,0.378206340425804,"Atlantic Menhaden"
"2010",0.146551724137931,0.064698968514688,0.0197440760122517,0.27335937226361,0.441475314570812,"Atlantic Menhaden"
"2011",0.242299794661191,0.0803486187455387,0.0848193957123953,0.399780193609987,0.331608282449808,"Atlantic Menhaden"
"2012",0.297413793103448,0.120732380408834,0.0607826757343443,0.534044910472552,0.40594075731666,"Atlantic Menhaden"
"2013",0.658018867924528,0.348809633703453,-0.0256354515948473,1.3416731874439,0.530090626129978,"Atlantic Menhaden"
"2014",0.269879518072289,0.0585170109353936,0.155188284155981,0.384570751988597,0.21682642444811,"Atlantic Menhaden"
"2015",0.522727272727273,0.089563175233607,0.347186674928353,0.698267870526192,0.171338248272987,"Atlantic Menhaden"
"2016",0.63231850117096,0.15616113988269,0.326248291216166,0.938388711125754,0.246965950851514,"Atlantic Menhaden"
"2017",1.39664804469274,0.314733620922161,0.77978148296142,2.01351460642405,0.225349272580267,"Atlantic Menhaden"
"2018",0.51150895140665,0.132633880622879,0.251551322256023,0.771466580557277,0.259299236617728,"Atlantic Menhaden"
"1991",5.48214285714286,1.44780537490094,2.64449646571349,8.31978924857222,0.264094791512876,"Hardhead Catfish"
"1992",6.10606060606061,1.85170769519179,2.47678021358902,9.73534099853219,0.303257339659202,"Hardhead Catfish"
"1993",4.95327102803738,1.25162346699826,2.50013411051564,7.40640794555912,0.252686247110969,"Hardhead Catfish"
"1994",8.10994764397906,0.977852436563253,6.19339208612034,10.0265032018378,0.12057444505073,"Hardhead Catfish"
"1995",3.76306620209059,0.459751703615244,2.86196942117378,4.6641629830074,0.122174758275532,"Hardhead Catfish"
"1996",3.38275862068966,0.481720729104205,2.43860334103904,4.32691390034027,0.142404700754556,"Hardhead Catfish"
"1997",1.10971786833856,0.173285085878169,0.770085340959416,1.4493503957177,0.156152379647277,"Hardhead Catfish"
"1998",1.11764705882353,0.238494997518268,0.650205453194754,1.5850886644523,0.213390260937398,"Hardhead Catfish"
"1999",0.895939086294416,0.125796887598533,0.649381717234059,1.14249645535477,0.140407857546238,"Hardhead Catfish"
"2000",0.800546448087432,0.137310486451238,0.531422839943331,1.06967005623153,0.171520948945915,"Hardhead Catfish"
"2001",1.51917404129794,0.452782836895908,0.631735988164082,2.40661209443179,0.2980454013742,"Hardhead Catfish"
"2002",0.759312320916905,0.157347485470063,0.450916916337643,1.06770772549617,0.207223669543592,"Hardhead Catfish"
"2003",0.545454545454545,0.20049130138158,0.152498815533083,0.938410275376008,0.36756738586623,"Hardhead Catfish"
"2004",0.231805929919137,0.0887019224548105,0.0579533565482443,0.405658503290031,0.382655967799241,"Hardhead Catfish"
"2005",0.224867724867725,0.06565815555839,0.0961801046819521,0.353555345053498,0.291985680012605,"Hardhead Catfish"
"2006",0.190104166666667,0.0568423469041983,0.0786952139377063,0.301513119395627,0.29900631796181,"Hardhead Catfish"
"2007",0.078740157480315,0.0276870584498727,0.024474520080709,0.133005794879921,0.351625642313384,"Hardhead Catfish"
"2008",0.116991643454039,0.0388073137071536,0.0409307062512703,0.193052580656808,0.331710133830194,"Hardhead Catfish"
"2009",0.0846994535519126,0.0267457480066858,0.0322787507192244,0.137120156384601,0.315772379691839,"Hardhead Catfish"
"2010",0.0277008310249307,0.0122867036352053,0.00361933441121101,0.0517823276386505,0.443550001230911,"Hardhead Catfish"
"2011",0.0429292929292929,0.0189185862804935,0.00584954518111205,0.0800090406774738,0.440691774533849,"Hardhead Catfish"
"2012",0.025062656641604,0.0250325103029471,-0.0240001619948001,0.0741254752780081,0.998797161087589,"Hardhead Catfish"
"2013",0.00884955752212389,0.00883690126602187,-0.00847045069421537,0.0261695657384632,0.998569843060471,"Hardhead Catfish"
"2014",0.0142045454545455,0.00747198789597981,-0.000440281714494188,0.0288493726235851,0.526027947876979,"Hardhead Catfish"
"2015",0.0135869565217391,0.00898080073286926,-0.00401508946701555,0.0311890025104938,0.660986933939178,"Hardhead Catfish"
"2016",0,0,0,0,NA,"Hardhead Catfish"
"2017",0.0144927536231884,0.0114221137215043,-0.00789417789828074,0.0368796851446575,0.788125846783795,"Hardhead Catfish"
"2018",0,0,0,0,NA,"Hardhead Catfish"
"1991",1.89423076923077,1.73133975884669,-1.49913280311101,5.28759434157255,0.914006776243939,"Longnose Gar"
"1992",0.448,0.190127868600029,0.0753562250865787,0.820643774913421,0.424392563839351,"Longnose Gar"
"1993",0.303317535545024,0.154320472764025,0.000854966850339756,0.605780104239708,0.508775308643896,"Longnose Gar"
"1994",0.133676092544987,0.0349523330676212,0.0651707785568012,0.202181406533173,0.261470337755859,"Longnose Gar"
"1995",0.202729044834308,0.0725106622759604,0.0606107582782784,0.344847331390338,0.357672786034305,"Longnose Gar"
"1996",0.277882797731569,0.0574600584593649,0.165263152601648,0.39050244286149,0.206778033503429,"Longnose Gar"
"1997",0.308219178082192,0.111830947413464,0.0890345487948097,0.527403807369574,0.362829296052572,"Longnose Gar"
"1998",0.179824561403509,0.0320398242283198,0.117027659845008,0.242621462962009,0.178172681074559,"Longnose Gar"
"1999",0.177809388335704,0.0406626921663346,0.0981119761752494,0.257506800496159,0.228686980743466,"Longnose Gar"
"2000",0.191616766467066,0.0494244192249528,0.0947466848293494,0.288486848104782,0.257933687830222,"Longnose Gar"
"2001",0.15955766192733,0.0332887046760566,0.0943129996702691,0.224802324184391,0.208631188712315,"Longnose Gar"
"2002",0.0667701863354037,0.0196459235804713,0.0282648836746538,0.105275488996154,0.294231971763337,"Longnose Gar"
"2003",0.392405063291139,0.0710109929094815,0.253226074682126,0.531584051900152,0.180963498059646,"Longnose Gar"
"2004",0.411347517730496,0.0842178772123621,0.24628351153985,0.576411523921143,0.204736563567984,"Longnose Gar"
"2005",1.09971098265896,0.411906270850556,0.29238952678567,1.90703243853225,0.37455865890747,"Longnose Gar"
"2006",0.502967359050445,0.115042888286836,0.277487441330782,0.728447276770109,0.228728338363798,"Longnose Gar"
"2007",0.204379562043796,0.0425873414601202,0.120909906584651,0.287849217502941,0.208373777858445,"Longnose Gar"
"2008",0.78386605783866,0.250079429148853,0.293719383432572,1.27401273224475,0.319033368836498,"Longnose Gar"
"2009",0.601208459214502,0.139564247334027,0.327667560910369,0.874749357518634,0.232139526972677,"Longnose Gar"
"2010",0.504437869822485,0.111108608987191,0.286668997835248,0.722206741809722,0.220262227786923,"Longnose Gar"
"2011",0.520435967302452,0.0957026979863156,0.33286212602596,0.708009808578945,0.183889477282606,"Longnose Gar"
"2012",0.631276901004304,0.13658099701773,0.363583065876981,0.898970736131627,0.216356715730358,"Longnose Gar"
"2013",0.636363636363636,0.107884299604942,0.424914294640621,0.847812978086651,0.169532470807766,"Longnose Gar"
"2014",0.58712715855573,0.114422728018589,0.362862732626473,0.811391584484986,0.194885769379255,"Longnose Gar"
"2015",0.369300911854103,0.0631929325586836,0.245445039961615,0.493156783746592,0.171115019027217,"Longnose Gar"
"2016",0.672205438066465,0.165655579511245,0.347526468386315,0.996884407746616,0.246435940756054,"Longnose Gar"
"2017",0.428051001821494,0.0950929695628072,0.241672206295428,0.614429797347559,0.22215336293609,"Longnose Gar"
"2018",0.919672131147541,0.173285885111487,0.58003803729988,1.2593062249952,0.188421372402865,"Longnose Gar"
"1991",0.734177215189873,0.216706154758099,0.309440956635835,1.15891347374391,0.295168728032584,"Pinfish"
"1992",5.35714285714286,1.69980075208822,2.02559460215586,8.68869111212986,0.3172961403898,"Pinfish"
"1993",0.627329192546584,0.136514459696576,0.359765768172351,0.894892616920817,0.217612158526225,"Pinfish"
"1994",0.99,0.297391812473754,0.407122758254352,1.57287724174565,0.300395770175509,"Pinfish"
"1995",0.368292682926829,0.068449071171553,0.234134968655366,0.502450397198292,0.185855093909515,"Pinfish"
"1996",0.725768321513002,0.228486630764594,0.277942754265497,1.17359388876051,0.314820341411802,"Pinfish"
"1997",0.337028824833703,0.111602266838769,0.118292401236687,0.555765248430719,0.331135673317663,"Pinfish"
"1998",0.5489443378119,0.162729488724884,0.23000040068851,0.86788827493529,0.296440781907919,"Pinfish"
"1999",0.494525547445255,0.125626688562712,0.248301762365311,0.7407493325252,0.254034779824229,"Pinfish"
"2000",0.317214700193424,0.0724476983784578,0.175219820608825,0.459209579778022,0.228386951595504,"Pinfish"
"2001",1.99193548387097,0.332596078803095,1.34005914801766,2.64381181972428,0.166971310816128,"Pinfish"
"2002",1.19301848049281,0.213119445534659,0.775312042839735,1.61072491814589,0.178638846773458,"Pinfish"
"2003",0.388591800356506,0.0719551127358681,0.247562370890685,0.529621229822327,0.185168891031294,"Pinfish"
"2004",0.212727272727273,0.0463378918009112,0.121906673677973,0.303547871776573,0.21782769650001,"Pinfish"
"2005",0.255555555555556,0.0501624215025143,0.15723901603331,0.353872095077801,0.196287736314186,"Pinfish"
"2006",0.483430799220273,0.112280447104284,0.263365166727822,0.703496431712724,0.232257537760071,"Pinfish"
"2007",0.44022770398482,0.0821912810603712,0.279135753263283,0.601319654706356,0.186701746201791,"Pinfish"
"2008",0.662551440329218,0.109857218205344,0.447235249204986,0.87786763145345,0.165809341763345,"Pinfish"
"2009",0.527237354085603,0.0693689735319466,0.391276664318476,0.663198043852731,0.131570673045832,"Pinfish"
"2010",0.320075757575758,0.0403304076789637,0.241029611043171,0.399121904108344,0.126002693813567,"Pinfish"
"2011",0.236749116607774,0.0591639551471492,0.120789895336418,0.352708337879129,0.249901482188705,"Pinfish"
"2012",0.943533697632058,0.183168256320283,0.584530512133303,1.30253688313081,0.194130063165705,"Pinfish"
"2013",0.181262729124236,0.0321166493627709,0.118315253069104,0.244210205179368,0.177182863338432,"Pinfish"
"2014",0.202453987730061,0.0347475076727784,0.134350124138886,0.270557851321236,0.171631628807966,"Pinfish"
"2015",0.38401559454191,0.061434228561678,0.26360671914302,0.504424469940801,0.159978473361121,"Pinfish"
"2016",0.527667984189723,0.103913112441643,0.324002026282643,0.731333942096804,0.19692896964596,"Pinfish"
"2017",0.733173076923077,0.209650455534908,0.322265734732242,1.14408041911391,0.285949473778759,"Pinfish"
"2018",0.220043572984749,0.0480365240873115,0.125893715831128,0.314193430138371,0.218304599565109,"Pinfish"
"1991",0.470588235294118,0.143681226169509,0.188978206747326,0.752198263840909,0.305322605610207,"Black Drum"
"1992",0.55625,0.170188893806515,0.222685897570519,0.889814102429481,0.305957561899353,"Black Drum"
"1993",0.392491467576792,0.072816254772437,0.249774230733723,0.535208704419861,0.185523153463687,"Black Drum"
"1994",0.142857142857143,0.0327693075927583,0.0786304801770216,0.207083805537264,0.229385153149308,"Black Drum"
"1995",0.105497771173848,0.0261353789983776,0.0542733696147238,0.156722172732973,0.247733944590255,"Black Drum"
"1996",0.0835616438356164,0.0198405588920346,0.0446748629740827,0.12244842469715,0.237436196576808,"Black Drum"
"1997",0.0812903225806452,0.0145862174812315,0.0527018616467628,0.109878783514527,0.179433627745308,"Black Drum"
"1998",0.136165577342048,0.0180237647597818,0.100839647547053,0.171491507137042,0.132366528395837,"Black Drum"
"1999",0.861052631578947,0.15759493186354,0.552172240980366,1.16993302217753,0.183025898863524,"Black Drum"
"2000",0.350407450523865,0.0485883387077772,0.255176056587988,0.445638844459742,0.138662401827178,"Black Drum"
"2001",0.124105011933174,0.0202762601105735,0.0843642723752841,0.163845751491064,0.163379865121736,"Black Drum"
"2002",0.325301204819277,0.0398562968182718,0.247184298498326,0.403418111140228,0.12252120873765,"Black Drum"
"2003",0.20403825717322,0.0292157384005745,0.14677646212635,0.26130005222009,0.143187551223649,"Black Drum"
"2004",0.188465499485067,0.0297105543773316,0.130233882944778,0.246697116025356,0.157644526231634,"Black Drum"
"2005",0.0792811839323467,0.0126361427937205,0.0545147991531492,0.104047568711544,0.159383881104795,"Black Drum"
"2006",0.254901960784314,0.0278860798682388,0.200246248572558,0.309557672996069,0.109399236406167,"Black Drum"
"2007",0.300106044538706,0.0553468039408663,0.191628302155209,0.408583786922204,0.184424155887763,"Black Drum"
"2008",0.291069459757442,0.0445233317051392,0.203805333143639,0.378333586371245,0.15296462824455,"Black Drum"
"2009",0.263736263736264,0.0337821285824053,0.197524508393648,0.329948019078879,0.128090570874953,"Black Drum"
"2010",0.125137211855104,0.0174121800647074,0.0910099660359514,0.159264457674257,0.139144702096039,"Black Drum"
"2011",0.127348643006263,0.0304255152015115,0.0677157290002246,0.186981557012301,0.238915111172525,"Black Drum"
"2012",0.198738170347003,0.0333032444762886,0.133465010605145,0.264011330088861,0.167573468237833,"Black Drum"
"2013",0.245412844036697,0.0561670992158394,0.135327352457564,0.35549833561583,0.228867806150523,"Black Drum"
"2014",0.312933025404157,0.0770604831086866,0.161897253879874,0.46396879692844,0.24625231871632,"Black Drum"
"2015",0.415509259259259,0.0550768884616308,0.307560541493933,0.523457977024585,0.132552734347769,"Black Drum"
"2016",0.45578231292517,0.0544042822765419,0.349151879058397,0.562412746791943,0.119364619323159,"Black Drum"
"2017",0.201307189542484,0.0215033136036355,0.159161469331088,0.243452909753879,0.106818408485592,"Black Drum"
"2018",0.223170731707317,0.0307016636936477,0.162996576602307,0.283344886812328,0.137570296332192,"Black Drum"
"1991",0.134615384615385,0.0545010825732511,0.0277952256533689,0.2414355435774,0.404865184829865,"Atlantic Stingray"
"1992",0.288,0.101091704338653,0.0898639003604681,0.486136099639532,0.35101286228699,"Atlantic Stingray"
"1993",0.184834123222749,0.0366525924265447,0.112996362126696,0.256671884318802,0.198299923128229,"Atlantic Stingray"
"1994",0.80719794344473,0.129099202114957,0.554168156866557,1.0602277300229,0.159934998798466,"Atlantic Stingray"
"1995",0.47953216374269,0.0734866389894366,0.335500997978497,0.623563329506883,0.153246527648703,"Atlantic Stingray"
"1996",0.427221172022684,0.052989483661144,0.323363692487468,0.5310786515579,0.124032906445775,"Atlantic Stingray"
"1997",0.340753424657534,0.056379533593938,0.23025156934825,0.451255279966819,0.165455515672662,"Atlantic Stingray"
"1998",0.248538011695906,0.0265721801140479,0.196457495681661,0.300618527710152,0.106913948223581,"Atlantic Stingray"
"1999",0.251778093883357,0.0307664975941337,0.191476866668417,0.312079321098297,0.122196880275006,"Atlantic Stingray"
"2000",0.393712574850299,0.046588106237422,0.302401564517026,0.485023585183572,0.118330247021285,"Atlantic Stingray"
"2001",0.480252764612954,0.0722489424293876,0.338647439530247,0.621858089695662,0.150439409729613,"Atlantic Stingray"
"2002",0.31055900621118,0.0350463430072707,0.241869436127092,0.379248576295268,0.112849224483412,"Atlantic Stingray"
"2003",0.330520393811533,0.0379098408719859,0.256218471042796,0.40482231658027,0.114697433446732,"Atlantic Stingray"
"2004",0.238297872340426,0.0252719995253399,0.188765663453446,0.287830081227405,0.106052140865266,"Atlantic Stingray"
"2005",0.242774566473988,0.0320017969918693,0.180052196929362,0.305496936018615,0.131816925704605,"Atlantic Stingray"
"2006",0.213649851632047,0.0255700633849683,0.163533448315103,0.263766254948992,0.119682102232421,"Atlantic Stingray"
"2007",0.205839416058394,0.0218353542607527,0.163042908117646,0.248635923999143,0.106079557933444,"Atlantic Stingray"
"2008",0.219178082191781,0.0224844317309684,0.175109405786233,0.263246758597328,0.102585219772543,"Atlantic Stingray"
"2009",0.199395770392749,0.0272438042844828,0.145998895193305,0.252792645592193,0.136631806335815,"Atlantic Stingray"
"2010",0.284023668639053,0.0352141876743553,0.215005129052483,0.353042208225624,0.123983285770126,"Atlantic Stingray"
"2011",0.197547683923706,0.0220563765119392,0.15431798033085,0.240777387516562,0.111650899032851,"Atlantic Stingray"
"2012",0.232424677187948,0.0266648803816061,0.180162471987932,0.284686882387965,0.114724824851725,"Atlantic Stingray"
"2013",0.252351097178683,0.0314206444042004,0.190767765775411,0.313934428581956,0.12451162192472,"Atlantic Stingray"
"2014",0.249607535321821,0.0267649061851391,0.197149283149355,0.302065787494287,0.107227957483859,"Atlantic Stingray"
"2015",0.364741641337386,0.0381178774136251,0.290031974439568,0.439451308235204,0.104506513909022,"Atlantic Stingray"
"2016",0.303625377643505,0.035449890064797,0.234144869860598,0.373105885426411,0.116755359317889,"Atlantic Stingray"
"2017",0.214936247723133,0.0271421040837498,0.161738701254346,0.26813379419192,0.126279789338802,"Atlantic Stingray"
"2018",0.326229508196721,0.0386215778417643,0.250532606600753,0.40192640979269,0.118387751173247,"Atlantic Stingray"
"1991",0.139240506329114,0.052916127161477,0.0355268028912773,0.242954209766951,0.380034004159698,"Ladyfish"
"1992",0.153061224489796,0.0486330849909193,0.0577421294505186,0.248380319529073,0.317736155274006,"Ladyfish"
"1993",0.291925465838509,0.0758900375270175,0.143183725500162,0.440667206176857,0.259963745571273,"Ladyfish"
"1994",0.15,0.0408181626253524,0.0699978713392104,0.23000212866079,0.272121084169016,"Ladyfish"
"1995",0.24390243902439,0.0408437502669471,0.163850159507626,0.323954718541155,0.167459376094483,"Ladyfish"
"1996",0.118203309692671,0.0275831279313218,0.0641413723663199,0.172265247019023,0.233353262298982,"Ladyfish"
"1997",0.181818181818182,0.0320358532196626,0.119029063293632,0.244607300342732,0.176197192708144,"Ladyfish"
"1998",0.213051823416507,0.0293265524698228,0.15557283678493,0.270530810048084,0.137649854385385,"Ladyfish"
"1999",0.512773722627737,0.0635078255412567,0.388300671830421,0.637246773425053,0.12385156013028,"Ladyfish"
"2000",0.274661508704062,0.0430347927482947,0.190314864835259,0.359008152572865,0.156683013034284,"Ladyfish"
"2001",0.346774193548387,0.0600778048912617,0.22902385969129,0.464524527405484,0.173247623407359,"Ladyfish"
"2002",0.515400410677618,0.152131828555728,0.21722750580617,0.813573315549067,0.295172113572268,"Ladyfish"
"2003",0.181818181818182,0.0278082133895648,0.12731508510023,0.236321278536133,0.152945173642606,"Ladyfish"
"2004",0.16,0.0376919078744847,0.0861252180574084,0.233874781942592,0.235574424215529,"Ladyfish"
"2005",0.257407407407407,0.0474003902333983,0.164504349696803,0.350310465118012,0.184145400906727,"Ladyfish"
"2006",0.32943469785575,0.0472311534112407,0.236863338221433,0.422006057490068,0.143370305916961,"Ladyfish"
"2007",0.259962049335863,0.0388361059396049,0.183844680394456,0.336079418277271,0.149391444015852,"Ladyfish"
"2008",0.236625514403292,0.0348992724861119,0.168224197243863,0.305026831562721,0.147487360245655,"Ladyfish"
"2009",0.400778210116732,0.0452978960049896,0.311995965371511,0.489560454861952,0.113024847313421,"Ladyfish"
"2010",0.172348484848485,0.025215718766126,0.122926584222587,0.221770385474382,0.146306588005654,"Ladyfish"
"2011",0.153710247349823,0.0259376451917728,0.10287339693017,0.204547097769477,0.168743760672913,"Ladyfish"
"2012",0.371584699453552,0.0515939007797833,0.270462512103244,0.47270688680386,0.138848291804417,"Ladyfish"
"2013",0.272912423625255,0.0491757486337176,0.176529727390373,0.369295119860136,0.180188750590712,"Ladyfish"
"2014",0.333333333333333,0.0482034703506666,0.238856267516183,0.427810399150484,0.144610411052,"Ladyfish"
"2015",0.47953216374269,0.0705485705533862,0.34125950629727,0.61780482118811,0.147119580056452,"Ladyfish"
"2016",0.256916996047431,0.0488099819932948,0.161251189254524,0.352582802840337,0.189983468373901,"Ladyfish"
"2017",0.427884615384615,0.0649176156905348,0.300648426668955,0.555120804100276,0.151717573748665,"Ladyfish"
"2018",0.481481481481482,0.128977455510452,0.228690313863379,0.734272649099584,0.267876253752477,"Ladyfish"
"1991",0.0384615384615385,0.0380926378508897,-0.0361986598023326,0.11312173672541,0.990408584123133,"Gizzard Shad"
"1992",0.0410958904109589,0.0232420520586416,-0.00445769455078367,0.0866494753727015,0.565556600093613,"Gizzard Shad"
"1993",0.663793103448276,0.609522216670085,-0.530848489002111,1.85843469589866,0.918241261477012,"Gizzard Shad"
"1994",0.101769911504425,0.0377036594302894,0.0278720969356936,0.175667726073156,0.370479436141105,"Gizzard Shad"
"1995",0.219931271477663,0.134777113399135,-0.0442270167249114,0.484089559680238,0.61281468748669,"Gizzard Shad"
"1996",0.0294117647058824,0.0148749371267038,0.000257423665245244,0.0585661057465195,0.505747862307928,"Gizzard Shad"
"1997",0.0911949685534591,0.0358768128838885,0.020877707420955,0.161512229685963,0.393407810244019,"Gizzard Shad"
"1998",0.227154046997389,0.0506751646068298,0.127832549457364,0.326475544537414,0.223087218901331,"Gizzard Shad"
"1999",0.182058047493404,0.0554537806435265,0.0733706346255074,0.2907454603613,0.304593954549225,"Gizzard Shad"
"2000",0.0659340659340659,0.0206138380136606,0.0255316858441484,0.106336446023983,0.312643209873853,"Gizzard Shad"
"2001",0.211111111111111,0.060382129500561,0.092764311980178,0.329457910242044,0.28602061342371,"Gizzard Shad"
"2002",0.0469208211143695,0.0276985725164679,-0.00736738344107857,0.101209025669818,0.590325826757222,"Gizzard Shad"
"2003",0.312807881773399,0.145663373091694,0.0273129166470571,0.598302846899741,0.465664011615968,"Gizzard Shad"
"2004",0.568965517241379,0.167998327185841,0.239694846494155,0.898236187988604,0.295269787175115,"Gizzard Shad"
"2005",0.215584415584416,0.0971101070494507,0.025252103232663,0.405916727936168,0.450450496554681,"Gizzard Shad"
"2006",0.388101983002833,0.0728717106265512,0.245276054682968,0.530927911322698,0.187764334680092,"Gizzard Shad"
"2007",0.0182767624020888,0.00860436800982025,0.00141251099311251,0.035141013811065,0.470781849680165,"Gizzard Shad"
"2008",0.229813664596273,0.0615388677072134,0.10919970024076,0.350427628951786,0.267777235158415,"Gizzard Shad"
"2009",0.160664819944598,0.0599554485619922,0.0431543000861498,0.278175339803047,0.373170981566883,"Gizzard Shad"
"2010",0.047979797979798,0.0151719414491136,0.0182433391639848,0.0777162567956112,0.316215200728895,"Gizzard Shad"
"2011",0.0935960591133005,0.0538802151102023,-0.0120072219819668,0.199199340208568,0.575667561440583,"Gizzard Shad"
"2012",0.120418848167539,0.0547968324414939,0.0130190301153353,0.227818666219743,0.455051956361971,"Gizzard Shad"
"2013",0.0653409090909091,0.0182970261498277,0.0294793968130592,0.101202421368759,0.280024052379972,"Gizzard Shad"
"2014",0.0880681818181818,0.0399840887594699,0.00970080789496797,0.166435555741396,0.454012878817207,"Gizzard Shad"
"2015",0.504109589041096,0.199545383685699,0.113007823735899,0.895211354346293,0.395837310028697,"Gizzard Shad"
"2016",0.952908587257618,0.271183768955337,0.421398166913326,1.48441900760191,0.284585292421153,"Gizzard Shad"
"2017",1.26989619377163,0.434593062308268,0.418109443716449,2.1216829438268,0.342227234351742,"Gizzard Shad"
"2018",0.533536585365854,0.197931537012977,0.145597901415762,0.921475269315945,0.370980252230037,"Gizzard Shad"
"1991",0,0,0,0,NA,"Atlantic Sharpnose Shark"
"1992",0.05,0.0493791225294376,-0.046781301745888,0.146781301745888,0.987582450588752,"Atlantic Sharpnose Shark"
"1993",0,0,0,0,NA,"Atlantic Sharpnose Shark"
"1994",0.571428571428571,0.162292943946961,0.253340246347551,0.889516896509592,0.284012651907181,"Atlantic Sharpnose Shark"
"1995",0.0769230769230769,0.0323367725736032,0.0135441673025521,0.140301986543602,0.420378043456841,"Atlantic Sharpnose Shark"
"1996",0.196531791907514,0.064281119781843,0.0705431122491969,0.322520471565832,0.327077462419378,"Atlantic Sharpnose Shark"
"1997",0.300518134715026,0.163225476205015,-0.0193979200062034,0.620434189436255,0.54314684323393,"Atlantic Sharpnose Shark"
"1998",0.608695652173913,0.143763250436708,0.326924859017553,0.890466445330274,0.236182482860306,"Atlantic Sharpnose Shark"
"1999",0.438297872340426,0.0977746345158186,0.246663110087854,0.629932634592997,0.22307804962347,"Atlantic Sharpnose Shark"
"2000",0.592920353982301,0.114687816755588,0.368136363675819,0.817704344288783,0.193428705871365,"Atlantic Sharpnose Shark"
"2001",0.634517766497462,0.122650908943929,0.39412640229626,0.874909130698664,0.193297832495632,"Atlantic Sharpnose Shark"
"2002",0.478468899521531,0.104255994816164,0.274130904509455,0.682806894533608,0.217895029165783,"Atlantic Sharpnose Shark"
"2003",0.990430622009569,0.23961643129707,0.520791046563297,1.46007019745584,0.241931565898974,"Atlantic Sharpnose Shark"
"2004",0.523605150214592,0.13659267266014,0.255888431248648,0.791321869180536,0.260869612539448,"Atlantic Sharpnose Shark"
"2005",1.15948275862069,0.300189363652646,0.571122417319507,1.74784309992187,0.258899376830535,"Atlantic Sharpnose Shark"
"2006",0.659192825112108,0.14757853793658,0.369944205865333,0.948441444358882,0.223877645985424,"Atlantic Sharpnose Shark"
"2007",0.37117903930131,0.125524233212031,0.125156063018723,0.617202015583897,0.33817705183006,"Atlantic Sharpnose Shark"
"2008",0.855721393034826,0.153678011762651,0.554518024764308,1.15692476130534,0.179588839327284,"Atlantic Sharpnose Shark"
"2009",0.807881773399015,0.144231814137061,0.5251926122655,1.09057093453253,0.178530843108679,"Atlantic Sharpnose Shark"
"2010",0.44392523364486,0.0855736987962662,0.2762038659803,0.61164660130942,0.1927660162358,"Atlantic Sharpnose Shark"
"2011",0.567099567099567,0.164831126215631,0.244036496185754,0.89016263801338,0.290656413403136,"Atlantic Sharpnose Shark"
"2012",0.564102564102564,0.109542013364919,0.349404163113317,0.778800965091811,0.194188114601448,"Atlantic Sharpnose Shark"
"2013",0.795,0.166946220557654,0.467791420351918,1.12220857964808,0.20999524598447,"Atlantic Sharpnose Shark"
"2014",0.70048309178744,0.127483174852113,0.450620660442476,0.950345523132403,0.181993222030258,"Atlantic Sharpnose Shark"
"2015",0.368663594470046,0.0701966316244014,0.231080724650194,0.506246464289898,0.190408363281189,"Atlantic Sharpnose Shark"
"2016",0.478672985781991,0.147491171344715,0.189595601908722,0.767750369655259,0.30812512033401,"Atlantic Sharpnose Shark"
"2017",0.214659685863874,0.0649283910268199,0.0874023778771737,0.341916993850575,0.302471285027381,"Atlantic Sharpnose Shark"
"2018",0.2,0.057336709279953,0.0876221148192487,0.312377885180751,0.286683546399765,"Atlantic Sharpnose Shark"
"1991",0,0,0,0,NA,"Bonnethead"
"1992",0,0,0,0,NA,"Bonnethead"
"1993",0,0,0,0,NA,"Bonnethead"
"1994",0.0871369294605809,0.023106111899825,0.0418497823141715,0.13242407660699,0.265170141326563,"Bonnethead"
"1995",0.101156069364162,0.0266331014356874,0.0489561497536126,0.153355988974711,0.263287231335653,"Bonnethead"
"1996",0.0578512396694215,0.0134000045089322,0.0315877134392401,0.0841147658996029,0.231628649368685,"Bonnethead"
"1997",0.0465116279069767,0.0153071848749357,0.0165100968474066,0.0765131589665469,0.329104474811117,"Bonnethead"
"1998",0.0711009174311927,0.0153363796931543,0.0410421655793788,0.101159669283006,0.215698759555331,"Bonnethead"
"1999",0.201716738197425,0.0395852332156334,0.124131106775165,0.279302369619685,0.196241688068991,"Bonnethead"
"2000",0.143835616438356,0.0424460619132286,0.0606428638028707,0.227028369073842,0.295101192349113,"Bonnethead"
"2001",0.24220623501199,0.0387865993743288,0.166185897155522,0.318226572868459,0.160138732070248,"Bonnethead"
"2002",0.310096153846154,0.0457005227771443,0.220524775128299,0.399667532564009,0.14737532926583,"Bonnethead"
"2003",0.25635593220339,0.0372182673758491,0.183409468579743,0.329302395827036,0.145182001664469,"Bonnethead"
"2004",0.143478260869565,0.0249676705110964,0.0945425258899535,0.192413995849177,0.174017097501581,"Bonnethead"
"2005",0.233624454148472,0.0392217277158877,0.156751280413895,0.310497627883048,0.167883656952117,"Bonnethead"
"2006",0.230936819172113,0.0381157553429112,0.156231311456467,0.305642326887759,0.165048412286757,"Bonnethead"
"2007",0.337807606263982,0.0425614197643452,0.254388756394974,0.42122645613299,0.125993077050744,"Bonnethead"
"2008",0.430555555555556,0.0676876418760394,0.297890215280073,0.563220895831038,0.157210006937898,"Bonnethead"
"2009",0.438228438228438,0.0554397753324047,0.329568475265933,0.546888401190944,0.126508849029796,"Bonnethead"
"2010",0.240362811791383,0.0410171612355244,0.159970653021683,0.320754970561083,0.170646868913833,"Bonnethead"
"2011",0.200413223140496,0.0367881100516483,0.128309852379969,0.272516593901022,0.18356129139173,"Bonnethead"
"2012",0.379014989293362,0.0490987628707212,0.282783182381276,0.475246796205448,0.129543063619361,"Bonnethead"
"2013",0.562945368171021,0.0687342432590728,0.428228726878624,0.697662009463419,0.122097537603669,"Bonnethead"
"2014",0.431554524361949,0.0433089539891945,0.346670534335025,0.516438514388872,0.100355694458832,"Bonnethead"
"2015",0.23953488372093,0.0349222803868693,0.171088471904657,0.307981295537204,0.145792044333532,"Bonnethead"
"2016",0.374149659863946,0.0431827405555196,0.28951304362139,0.458786276106501,0.115415688393843,"Bonnethead"
"2017",0.218289085545723,0.0379184659387743,0.143970257956716,0.292607913134729,0.173707566935736,"Bonnethead"
"2018",0.297368421052632,0.0579090108422892,0.183868845421405,0.410867996683858,0.194738266549291,"Bonnethead"
"1991",0.0632911392405063,0.0413824882223262,-0.0178170472659059,0.144399325746919,0.653843313912754,"Sheepshead"
"1992",0.183673469387755,0.0781801613419447,0.030443168852013,0.336903769923497,0.425647545083921,"Sheepshead"
"1993",0.0869565217391304,0.0415604244070391,0.00549958671913434,0.168413456759127,0.47794488068095,"Sheepshead"
"1994",0.263333333333333,0.07756469514723,0.111309324372934,0.415357342293733,0.294549475242646,"Sheepshead"
"1995",0.0560975609756098,0.0149570272675846,0.0267823262153603,0.0854127957358592,0.266625268683031,"Sheepshead"
"1996",0.137115839243499,0.0278169224488141,0.0825956730830794,0.191636005403918,0.202871693031869,"Sheepshead"
"1997",0.104212860310421,0.0244169352631539,0.0563565465817936,0.152069174039049,0.234298676674094,"Sheepshead"
"1998",0.0748560460652591,0.0151105806869905,0.0452398521332712,0.104472239997247,0.20186185994672,"Sheepshead"
"1999",0.109489051094891,0.0252303852749956,0.0600384046398295,0.158939697549951,0.230437518844959,"Sheepshead"
"2000",0.212765957446809,0.0479996371374396,0.118688397386436,0.306843517507181,0.225598294545966,"Sheepshead"
"2001",0.0826612903225806,0.0207103944239187,0.0420696631460809,0.12325291749908,0.250545259372284,"Sheepshead"
"2002",0.0965092402464066,0.0190717054973833,0.0591293843477808,0.133889096145032,0.197615331430333,"Sheepshead"
"2003",0.24777183600713,0.0390646351381345,0.171206558067189,0.324337113947072,0.157663743255349,"Sheepshead"
"2004",0.136363636363636,0.0245538876852568,0.0882389008200915,0.184488371907181,0.180061843025216,"Sheepshead"
"2005",0.135185185185185,0.0247502660370648,0.0866755551447534,0.183694815225617,0.183084159726233,"Sheepshead"
"2006",0.187134502923977,0.0342778372045525,0.119951176535127,0.254317829312827,0.183172192561828,"Sheepshead"
"2007",0.138519924098672,0.0280625979041684,0.0835182428938725,0.193521605303471,0.202588891719133,"Sheepshead"
"2008",0.17283950617284,0.0307286638532035,0.112612431727523,0.233066580618156,0.177787269436392,"Sheepshead"
"2009",0.173151750972763,0.0293311698037892,0.115663714532907,0.230639787412618,0.169395744709524,"Sheepshead"
"2010",0.265151515151515,0.0451307414511992,0.176696887311576,0.353606142991454,0.170207367758808,"Sheepshead"
"2011",0.151943462897526,0.0269340445789401,0.0991537055648075,0.204733220230245,0.177263595717211,"Sheepshead"
"2012",0.147540983606557,0.0236479650098467,0.101191823879594,0.19389014333352,0.160280651733405,"Sheepshead"
"2013",0.211812627291242,0.0309907977103242,0.151071779926841,0.272553474655644,0.146312323805473,"Sheepshead"
"2014",0.208588957055215,0.0404002962700434,0.129405831401182,0.287772082709248,0.19368377329462,"Sheepshead"
"2015",0.282651072124756,0.0451327449020796,0.194192517593247,0.371109626656266,0.159676538860461,"Sheepshead"
"2016",0.150197628458498,0.0290357953062332,0.0932885153958039,0.207106741521192,0.193317268749394,"Sheepshead"
"2017",0.182692307692308,0.0485380999800776,0.0875593798533514,0.277825235531264,0.265682231469898,"Sheepshead"
"2018",0.174291938997821,0.0278645052704807,0.119678512220653,0.22890536577499,0.159872598989383,"Sheepshead"
"1991",0.0470588235294118,0.0229693931369454,0.00203964023425729,0.0920780068245662,0.48809960416009,"Southern Kingfish"
"1992",0.0176991150442478,0.0176234402581095,-0.0168421931453401,0.0522404232338357,0.995724374583187,"Southern Kingfish"
"1993",0.0315789473684211,0.0164817834534389,-0.000724754601307324,0.0638826493381494,0.521923142692231,"Southern Kingfish"
"1994",0.0728862973760933,0.0199945094106801,0.0336977790426132,0.112074815709573,0.27432466911453,"Southern Kingfish"
"1995",0.0433839479392625,0.0117091692681549,0.0204343978847956,0.0663334979937294,0.269896351630971,"Southern Kingfish"
"1996",0.0270833333333333,0.00849104152861217,0.0104411977460196,0.0437254689206471,0.313515379517988,"Southern Kingfish"
"1997",0.0833333333333333,0.0181069693905021,0.04784432545878,0.118822341207887,0.217283632686025,"Southern Kingfish"
"1998",0.119205298013245,0.0207453265007356,0.0785452052242789,0.159865390802211,0.174030238978393,"Southern Kingfish"
"1999",0.105008077544426,0.0163093058851843,0.0730424253966181,0.136973729692235,0.155314774506601,"Southern Kingfish"
"2000",0.28087986463621,0.0349703936180242,0.212339152619693,0.349420576652727,0.124503027881038,"Southern Kingfish"
"2001",0.0547703180212014,0.0140373358201861,0.0272576453747426,0.0822829906676602,0.256294583039527,"Southern Kingfish"
"2002",0.0776173285198556,0.0181949825501742,0.0419558180221794,0.113278839017532,0.234419077506896,"Southern Kingfish"
"2003",0.0833333333333333,0.0155932005930832,0.0527712217671816,0.113895444899485,0.187118407116999,"Southern Kingfish"
"2004",0.107890499194847,0.0192736611212072,0.070114817547051,0.145666180842643,0.17864094860104,"Southern Kingfish"
"2005",0.0935483870967742,0.0153261319856373,0.0635097203826178,0.123587053810931,0.163831066053364,"Southern Kingfish"
"2006",0.129848229342327,0.0209541979001388,0.0887787561331303,0.170917702551524,0.161374537075095,"Southern Kingfish"
"2007",0.129783693843594,0.0209984260662422,0.0886275350217321,0.170939852665456,0.161795564946302,"Southern Kingfish"
"2008",0.144347826086957,0.0239931068107833,0.0973222008605986,0.191373451313315,0.166217306219282,"Southern Kingfish"
"2009",0.23407917383821,0.0317609961883017,0.171828765196025,0.296329582480395,0.135684844010318,"Southern Kingfish"
"2010",0.0994940978077572,0.015531457336902,0.0690530008000088,0.129935194815506,0.156104308487846,"Southern Kingfish"
"2011",0.0648148148148148,0.0128343297815025,0.03965999067736,0.0899696389522696,0.198015373771753,"Southern Kingfish"
"2012",0.207455429497569,0.0253334827047432,0.157802715793304,0.257108143201834,0.122115303350207,"Southern Kingfish"
"2013",0.362007168458781,0.0448287867047774,0.27414436104679,0.449869975870773,0.123833975154781,"Southern Kingfish"
"2014",0.20253164556962,0.0261267166011291,0.151324221997123,0.253739069142118,0.129000663218075,"Southern Kingfish"
"2015",0.317567567567568,0.0412607311441095,0.236698020549323,0.398437114585812,0.129927408709111,"Southern Kingfish"
"2016",0.289383561643836,0.0313409854825716,0.227956358858003,0.350810764429669,0.1083025770522,"Southern Kingfish"
"2017",0.386503067484663,0.0500907485473763,0.288327004373153,0.484679130596172,0.129599873225751,"Southern Kingfish"
"2018",0.099250936329588,0.0175278202669836,0.0648970398788089,0.133604832780367,0.176601057029608,"Southern Kingfish"
"1991",0.0547945205479452,0.0329295095848036,-0.00974613226683628,0.119335173362727,0.600963549922665,"American Harvestfish"
"1992",0.0824742268041237,0.0558465168247731,-0.0269829348344417,0.191931388442689,0.677139016500374,"American Harvestfish"
"1993",0.0759493670886076,0.0385443498503046,0.000403829574498693,0.151494904602717,0.507500606362345,"American Harvestfish"
"1994",0.0950704225352113,0.043760938479181,0.00930055918634344,0.180840285884079,0.460300241781015,"American Harvestfish"
"1995",0.0453400503778338,0.0126285128132036,0.0205886200856521,0.0700914806700154,0.278528865935657,"American Harvestfish"
"1996",0.0714285714285714,0.0392346313268515,-0.00546989291876436,0.148327035775907,0.54928483857592,"American Harvestfish"
"1997",0.0287610619469027,0.00954437952937004,0.010054421814556,0.0474677020792493,0.331850734405789,"American Harvestfish"
"1998",0.0867052023121387,0.0195640064812265,0.0483604542156267,0.125049950408651,0.225638208083479,"American Harvestfish"
"1999",0.342644320297952,0.106275103379319,0.134348945221215,0.550939695374688,0.310161578884208,"American Harvestfish"
"2000",0.0859375,0.0338381098533352,0.0196160233825532,0.152258976617447,0.393752551020627,"American Harvestfish"
"2001",0.0472279260780287,0.0145073540612872,0.0187940346069349,0.0756618175491226,0.307177453384647,"American Harvestfish"
"2002",0.0331262939958592,0.0148501235396395,0.00402058669219536,0.0622320012995231,0.448288104352867,"American Harvestfish"
"2003",0.0438756855575868,0.0149571776207315,0.0145601561105846,0.073191215004589,0.340899006605838,"American Harvestfish"
"2004",0.0828625235404896,0.0204745674492288,0.0427331087409651,0.122991938340014,0.24709080262592,"American Harvestfish"
"2005",0.0408921933085502,0.0127466360807963,0.0159092456661506,0.0658751409509497,0.311713191430383,"American Harvestfish"
"2006",0.0723562152133581,0.0204849900103684,0.0322063725693733,0.112506057857343,0.283113067066373,"American Harvestfish"
"2007",0.203454894433781,0.0439313629226124,0.117351005313703,0.28955878355386,0.21592679323284,"American Harvestfish"
"2008",0.443378119001919,0.163478836933571,0.122965486377625,0.763790751626214,0.368712008841516,"American Harvestfish"
"2009",0.235887096774194,0.0716511130304744,0.0954534957822552,0.376320697766132,0.303751727035174,"American Harvestfish"
"2010",0.33399209486166,0.196232616071705,-0.0506167652309565,0.718600954954277,0.587536708475044,"American Harvestfish"
"2011",0.330388692579505,0.0766656296658471,0.180126819582359,0.480650565576651,0.232046772143687,"American Harvestfish"
"2012",0.605607476635514,0.145803118801519,0.319838614950921,0.891376338320107,0.240755149872879,"American Harvestfish"
"2013",0.237704918032787,0.0627275836916582,0.114761113159915,0.360648722905659,0.263888455530424,"American Harvestfish"
"2014",0.218181818181818,0.0482201835402418,0.123671995115033,0.312691641248603,0.221009174559442,"American Harvestfish"
"2015",0.110019646365422,0.0288579675529658,0.0534590692945839,0.166580223436261,0.262298312222493,"American Harvestfish"
"2016",0.159922928709056,0.030181609597808,0.100768060901904,0.219077796516208,0.188725968448944,"American Harvestfish"
"2017",0.12378640776699,0.0684005526211803,-0.0102762118931599,0.25784902742714,0.552569170194633,"American Harvestfish"
"2018",0.0769230769230769,0.0204114951346611,0.0369172815885266,0.116928872257627,0.265349436750595,"American Harvestfish"
"1991",0,0,0,0,NA,"Horseshoe Crab"
"1992",0,0,0,0,NA,"Horseshoe Crab"
"1993",0,0,0,0,NA,"Horseshoe Crab"
"1994",0,0,0,0,NA,"Horseshoe Crab"
"1995",0.103092783505155,0.0592190289581642,-0.0129743804522817,0.219159947462591,0.574424580894193,"Horseshoe Crab"
"1996",0.142857142857143,0.0501962437759513,0.0444743128970854,0.2412399728172,0.351373706431659,"Horseshoe Crab"
"1997",0.106870229007634,0.0360759741540418,0.0361626189585139,0.177577839056753,0.337568043869962,"Horseshoe Crab"
"1998",0.0974025974025974,0.0375248388953623,0.0238552646420195,0.170949930163175,0.385255012659053,"Horseshoe Crab"
"1999",0.283870967741935,0.12667990304979,0.0355829201993214,0.53215901528455,0.446258749379942,"Horseshoe Crab"
"2000",0.513513513513513,0.245689724431347,0.0319705022565038,0.995056524770523,0.478448410734727,"Horseshoe Crab"
"2001",0.384615384615385,0.111970935833651,0.165156383066184,0.604074386164586,0.291124433167492,"Horseshoe Crab"
"2002",0.173913043478261,0.0638390035479604,0.0487908957153338,0.299035191241188,0.367074270400772,"Horseshoe Crab"
"2003",0.23125,0.0765149536967871,0.0812834464755475,0.381216553524452,0.330875475445566,"Horseshoe Crab"
"2004",0.27007299270073,0.0852080171354351,0.103068347921205,0.437077637480255,0.315499955339314,"Horseshoe Crab"
"2005",0.593548387096774,0.203114573308286,0.195451138677313,0.991645635516236,0.342203900682439,"Horseshoe Crab"
"2006",0.213836477987421,0.07810020041253,0.0607628979935023,0.36691005798134,0.365233290164479,"Horseshoe Crab"
"2007",0.114093959731544,0.0385432744210717,0.0385505300199992,0.189637389443088,0.337820464043511,"Horseshoe Crab"
"2008",0.542372881355932,0.146872853829825,0.254507377542859,0.830238385169005,0.27079682424874,"Horseshoe Crab"
"2009",0.201388888888889,0.056826595468156,0.0900108084072761,0.312766969370502,0.282173439566016,"Horseshoe Crab"
"2010",0.372093023255814,0.121359590371386,0.134232596949364,0.609953449562264,0.326153899123099,"Horseshoe Crab"
"2011",0.403726708074534,0.139826170772498,0.129672449264292,0.677780966884777,0.346338669144187,"Horseshoe Crab"
"2012",1.13725490196078,0.284409772466499,0.579821991075215,1.69468781284635,0.250084455099852,"Horseshoe Crab"
"2013",0.82089552238806,0.210701309254203,0.407928544754387,1.23386250002173,0.256672504000574,"Horseshoe Crab"
"2014",0.420289855072464,0.118202476784167,0.188617257692066,0.651962452452862,0.28124037579681,"Horseshoe Crab"
"2015",1.63815789473684,0.810436241200927,0.0497320502170087,3.22658373925668,0.494724131174863,"Horseshoe Crab"
"2016",0.452229299363057,0.121606678096823,0.213884590013728,0.690574008712387,0.268904907904243,"Horseshoe Crab"
"2017",0.305343511450382,0.138109180324634,0.034654492079751,0.576032530821012,0.452307565563177,"Horseshoe Crab"
"2018",0.433566433566434,0.199029212893844,0.0434763444231439,0.823656522709723,0.459051249093867,"Horseshoe Crab"
"1991",0,0,0,0,NA,"Striped Burrfish"
"1992",0.0677966101694915,0.032742048985788,0.00362337337730077,0.131969846961682,0.482945222540374,"Striped Burrfish"
"1993",0.0625,0.0287609455806639,0.00612958250058229,0.118870417499418,0.460175129290623,"Striped Burrfish"
"1994",0.120418848167539,0.0297130528925995,0.0621823346273106,0.178655361707768,0.246747526195065,"Striped Burrfish"
"1995",0.134146341463415,0.025248259179269,0.0846606627997145,0.183632020127115,0.188214295700006,"Striped Burrfish"
"1996",0.176706827309237,0.0336316288076703,0.110790046104783,0.242623608513691,0.190324444843407,"Striped Burrfish"
"1997",0.124031007751938,0.0273357396471954,0.0704539425526714,0.177608072951205,0.220394400905513,"Striped Burrfish"
"1998",0.208469055374593,0.040951865402977,0.128204874085026,0.28873323666416,0.196440979354905,"Striped Burrfish"
"1999",0.385382059800664,0.0591098401209174,0.269528902031746,0.501235217569583,0.153379843762036,"Striped Burrfish"
"2000",0.288194444444444,0.0451219015959941,0.199757142402336,0.376631746486553,0.156567562164413,"Striped Burrfish"
"2001",0.2996632996633,0.0530064181819389,0.19577262907723,0.403553970249369,0.176886586517257,"Striped Burrfish"
"2002",0.814545454545455,0.102803020537384,0.61305523679025,1.01603567230066,0.126209065391878,"Striped Burrfish"
"2003",0.110119047619048,0.0260690508584217,0.0590246468253981,0.161213448412697,0.236735164552154,"Striped Burrfish"
"2004",0.361963190184049,0.0461266250586272,0.271556666340757,0.452369714027341,0.127434574314512,"Striped Burrfish"
"2005",0.142405063291139,0.0349935306051933,0.0738190036130602,0.210991122969218,0.245732348249802,"Striped Burrfish"
"2006",0.174216027874564,0.0306279653927907,0.114186318784956,0.234245736964173,0.175804521354619,"Striped Burrfish"
"2007",0.218543046357616,0.0349545330042511,0.150033420572867,0.287052672142365,0.15994346920127,"Striped Burrfish"
"2008",0.296153846153846,0.0407143113815766,0.216355262190607,0.375952430117086,0.137476895574155,"Striped Burrfish"
"2009",0.163701067615658,0.0373729293876037,0.0904514720191965,0.23695066321212,0.228299851259058,"Striped Burrfish"
"2010",0.186186186186186,0.0291601054823884,0.129033429655316,0.243338942717056,0.156617985897344,"Striped Burrfish"
"2011",0.233038348082596,0.0380345842823202,0.158491932722295,0.307584763442897,0.163211697110209,"Striped Burrfish"
"2012",0.10126582278481,0.0191701389011648,0.0636930409598968,0.138838604609723,0.189305121649003,"Striped Burrfish"
"2013",0.125874125874126,0.0264812560566329,0.0739718177377422,0.17777643401051,0.210378867561028,"Striped Burrfish"
"2014",0.202898550724638,0.0510097179915304,0.102921340599693,0.302875760849582,0.251405038672543,"Striped Burrfish"
"2015",0.171821305841924,0.0285788668683053,0.115807756061081,0.227834855622768,0.166329005173537,"Striped Burrfish"
"2016",0.10801393728223,0.023528023453118,0.0618998586867049,0.154128015877755,0.217823959065964,"Striped Burrfish"
"2017",0.066079295154185,0.0224585727421619,0.0220613014353747,0.110097288872995,0.33987306749805,"Striped Burrfish"
"2018",0.0259259259259259,0.010996660351758,0.00437286768626065,0.0474789841655912,0.424156899282095,"Striped Burrfish"
"1991",0.0220588235294118,0.0125922729133931,-0.00262157786433789,0.0467392249231614,0.570849705407152,"Silver Perch"
"1992",0.08125,0.0384989580847318,0.0057934287116085,0.156706571288391,0.473833330273622,"Silver Perch"
"1993",0.0546075085324232,0.0184217721260089,0.018501498634042,0.0907135184308044,0.337348702057537,"Silver Perch"
"1994",0.0819047619047619,0.0161073537625581,0.0503349286439023,0.113474595165622,0.196659551752163,"Silver Perch"
"1995",0.0742942050520059,0.026222748454084,0.022898562506348,0.125689847597664,0.35295819419197,"Silver Perch"
"1996",0.0178082191780822,0.00593453344617472,0.00617674735853137,0.029439690997633,0.33324687813135,"Silver Perch"
"1997",0.0374193548387097,0.00947424884281136,0.0188501683262291,0.0559885413511902,0.253191132868235,"Silver Perch"
"1998",0.0708061002178649,0.0145463989937476,0.0422956820853699,0.0993165183503599,0.205439911942466,"Silver Perch"
"1999",0.142105263157895,0.0231943138290992,0.0966452434067411,0.187565282909048,0.163219245464031,"Silver Perch"
"2000",0.224679860302678,0.0368707897581513,0.152414440295153,0.296945280310202,0.164103670477989,"Silver Perch"
"2001",0.00954653937947494,0.00335866450646641,0.00296367791064778,0.0161294008483021,0.351820107052357,"Silver Perch"
"2002",0.0132530120481928,0.00431913373921036,0.00478766547492866,0.0217183586214569,0.325898273049509,"Silver Perch"
"2003",0.0340063761955367,0.0119721433426509,0.0105414064261899,0.0574713459648834,0.352055840169828,"Silver Perch"
"2004",0.0185375901132853,0.00521773474445151,0.00831101793327701,0.0287641622932935,0.281467802047912,"Silver Perch"
"2005",0.0317124735729387,0.00725028059180378,0.0175021847351935,0.0459227624106838,0.228625514661546,"Silver Perch"
"2006",0.0642701525054466,0.00957042860892306,0.0455124571153457,0.0830278478955476,0.148909380728667,"Silver Perch"
"2007",0.106044538706257,0.0218689842413318,0.0631821172147724,0.148906960197741,0.206224521395759,"Silver Perch"
"2008",0.15986769570011,0.0310878974666913,0.0989365363103214,0.220798855089899,0.194460158636476,"Silver Perch"
"2009",0.273626373626374,0.0830217754869078,0.110906683739464,0.436346063513283,0.303412914430065,"Silver Perch"
"2010",0.0472008781558727,0.00813284976598936,0.0312607855228585,0.0631409707888868,0.172302933414333,"Silver Perch"
"2011",0.00835073068893528,0.00293984184424965,0.00258874655396216,0.0141127148239084,0.352046060848896,"Silver Perch"
"2012",0.0389064143007361,0.0088957874714588,0.0214709912425542,0.056341837358918,0.228645780685333,"Silver Perch"
"2013",0.069954128440367,0.013598911780991,0.0433007511206872,0.0966075057600468,0.194397558574166,"Silver Perch"
"2014",0.0773672055427252,0.0122092235398884,0.0534375671253454,0.101296843960105,0.157808769933483,"Silver Perch"
"2015",0.0775462962962963,0.0119027189254247,0.0542173958843607,0.100875196708232,0.153491778381596,"Silver Perch"
"2016",0.120181405895692,0.0270449867253145,0.0671742059517114,0.173188605839672,0.225034700865352,"Silver Perch"
"2017",0.124183006535948,0.0189958324335744,0.086951859109784,0.161414153962111,0.152966440122994,"Silver Perch"
"2018",0.0365853658536585,0.00699491408443766,0.0228755861732088,0.0502951455341083,0.191194318307963,"Silver Perch"
"1991",0.129411764705882,0.0639770267077957,0.00401909652064567,0.254804432891119,0.494367933651149,"Bluefish"
"1992",0.185840707964602,0.0524231817192987,0.0830931598397778,0.288588256089426,0.28208664448956,"Bluefish"
"1993",0.110526315789474,0.0291464378027373,0.0534003474184717,0.167652284160476,0.26370586583429,"Bluefish"
"1994",0.0845481049562682,0.0258445849888377,0.0338936491827618,0.135202560729775,0.305679056936942,"Bluefish"
"1995",0.130151843817787,0.0237668567990181,0.0835696604659911,0.176734027169584,0.182608683072456,"Bluefish"
"1996",0.0458333333333333,0.0123237968772909,0.0216791353010559,0.0699875313656108,0.268882840959075,"Bluefish"
"1997",0.0542635658914729,0.011702118790676,0.0313278345189385,0.0771992972640072,0.2156533319996,"Bluefish"
"1998",0.25,0.0587902187038592,0.134773288697203,0.365226711302797,0.235160874815437,"Bluefish"
"1999",0.138933764135703,0.0271172311028658,0.0857849678136363,0.192082560457769,0.195181000612488,"Bluefish"
"2000",0.137055837563452,0.0460207387569025,0.0468568470579963,0.227254828068907,0.335780945744807,"Bluefish"
"2001",0.107773851590106,0.0182219295702525,0.0720595259035857,0.143488177276626,0.169075608799392,"Bluefish"
"2002",0.0595667870036101,0.0112748001212648,0.0374685848330433,0.0816649891741769,0.189279977793354,"Bluefish"
"2003",0.0738993710691824,0.037779262785787,-0.000146623353434544,0.147945365491799,0.511225768760863,"Bluefish"
"2004",0.0483091787439614,0.0107433117338625,0.0272526746709044,0.0693656828170183,0.222386552890953,"Bluefish"
"2005",0.0451612903225806,0.0143088716718417,0.0171164171863655,0.0732061634587958,0.316839301305066,"Bluefish"
"2006",0.0640809443507589,0.0142607477234296,0.0361303924202253,0.0920314962812924,0.222542721052467,"Bluefish"
"2007",0.0615640599001664,0.0185786974198782,0.0251504820775379,0.0979776377227949,0.301778301333697,"Bluefish"
"2008",0.116521739130435,0.0210861816134283,0.0751935825966447,0.157849895664225,0.180963498921213,"Bluefish"
"2009",0.156626506024096,0.0277861084533135,0.102166734185078,0.211086277863115,0.177403615509617,"Bluefish"
"2010",0.168634064080944,0.0251551305695788,0.119330914138167,0.217937214023721,0.149169924277602,"Bluefish"
"2011",0.148148148148148,0.0267955283200504,0.0956298776941264,0.20066641860217,0.18086981616034,"Bluefish"
"2012",0.0567260940032415,0.0152802405238881,0.0267773729013115,0.0866748151051715,0.269368811521112,"Bluefish"
"2013",0.0573476702508961,0.0193156139790327,0.0194897625127136,0.0952055779890785,0.336816018759382,"Bluefish"
"2014",0.115732368896926,0.0249615594341585,0.0668086114080193,0.164656126385832,0.215683474485775,"Bluefish"
"2015",0.111486486486486,0.0190063846459087,0.0742346571041904,0.148738315868783,0.170481510763302,"Bluefish"
"2016",0.11472602739726,0.0201851865853824,0.0751637886686897,0.154288266125831,0.175942521878557,"Bluefish"
"2017",0.0593047034764826,0.0191006768444154,0.0218680647810903,0.0967413421718749,0.32207693023859,"Bluefish"
"2018",0.196629213483146,0.0495391680353838,0.099534228309716,0.293724198656576,0.251942054579952,"Bluefish"
