"Year","Species","n","Median.CV","Min","Lower","Avg.CV","Upper","Max"
"1991","American Harvestfish",990,0.59981413739201,0.591536449101746,0.595309859585291,0.685815654657677,0.596936309587707,0.992829701547524
"1991","Atlantic Croaker",1000,0.204295145528578,0.174049288426504,0.182194144469232,0.208347954076394,0.186229857676635,0.341378357537641
"1991","Atlantic Menhaden",1000,0.511022652537988,0.442825411887381,0.501062190353806,0.560399713861313,0.502866956250129,0.770697377505768
"1991","Atlantic Stingray",1000,0.429084763250945,0.400258986097928,0.402385978812466,0.443086917350511,0.403179114625379,0.613420611126525
"1991","Black Drum",1000,0.322467924009561,0.273438966443202,0.277490006544853,0.32525697951566,0.294464602158912,0.418831709109362
"1991","Bluefish",1000,0.532975557077035,0.427931682721888,0.431235191776149,0.519311800714936,0.485189881989677,0.695196654159609
"1991","Gizzard Shad",856,0.988956766666043,0.979121198995614,0.983933973348788,0.988473504238015,0.98614916976418,0.990446574682504
"1991","Hardhead Catfish",1000,0.272615699829627,0.226036994972146,0.236374372006448,0.284275542019275,0.24549409958136,0.481367210119736
"1991","Ladyfish",1000,0.380051423999583,0.370259112482571,0.373976648110155,0.425718164305248,0.376113745959399,0.991174996963569
"1991","Longnose Gar",1000,0.917859626605371,0.298268031436447,0.300025020124876,0.821131540029678,0.315873509025388,0.966698760735121
"1991","Pinfish",1000,0.314372384129994,0.258918972748432,0.264149529839177,0.31811104013788,0.283702434183828,0.472319604660281
"1991","Red Drum",1000,0.236881409988425,0.185455980861654,0.189349784432498,0.235143460738536,0.20118530769117,0.294550600317288
"1991","Sheepshead",998,0.653341858466221,0.646896726093487,0.649658702259556,0.709950999494482,0.650998016625363,0.993038500306248
"1991","Silver Perch",1000,0.570084850268003,0.568620178217353,0.568946929413486,0.650387125020798,0.569171452466463,0.996027802404778
"1991","Southern Flounder",1000,0.148411216579859,0.131432130393519,0.134434318944708,0.149725250025422,0.138115044203292,0.192227507842714
"1991","Southern Kingfish",998,0.487327387135052,0.48182806305566,0.483384033965465,0.557981814515944,0.484821851587228,0.99375357118855
"1991","Spot",1000,0.392565918181955,0.250156905246127,0.273524321341646,0.386002605423139,0.292802685350698,0.531543007825139
"1991","Spotted Seatrout",1000,0.170201476876059,0.148919931572772,0.158964992459208,0.172878462393807,0.162622711985667,0.209417174568301
"1991","Striped Mullet",1000,0.176995324636568,0.161726998302784,0.164980309238593,0.17779355314457,0.167726694499151,0.206488032546816
"1992","American Harvestfish",968,0.675980446126042,0.673402513479797,0.674040122981955,0.741854923350608,0.674672478375959,0.994784768103522
"1992","Atlantic Croaker",1000,0.240742278891531,0.207130124651057,0.209470202160871,0.24397878956312,0.220921238314572,0.356647099634719
"1992","Atlantic Menhaden",1000,0.477493482042336,0.417507928541631,0.422296960208577,0.500234651087477,0.457839800821283,0.796624430735175
"1992","Atlantic Sharpnose Shark",842,0.985183531545229,0.970631060678486,0.978601629050911,0.985195020634152,0.981463512546865,0.987689368405637
"1992","Atlantic Stingray",1000,0.377456732782045,0.253846098635523,0.269150456338549,0.376316087633318,0.291023022458586,0.516311904097916
"1992","Black Drum",1000,0.330624931822216,0.245379153744854,0.26504229238771,0.330684663304292,0.284595437597628,0.418982371557942
"1992","Bluefish",1000,0.30265636080042,0.276351603248592,0.277121947711717,0.315404172386145,0.278741401034394,0.567815773748774
"1992","Gizzard Shad",998,0.565591577348417,0.558427418058519,0.560992854336715,0.635224542321628,0.562433234274153,0.991799456184021
"1992","Hardhead Catfish",1000,0.312339979950698,0.200892005387041,0.205829297063752,0.315614035658133,0.231545787185284,0.48161426868271
"1992","Ladyfish",1000,0.334606202019216,0.309487618457303,0.312493746635872,0.353327012314595,0.314600482402113,0.566283675581668
"1992","Longnose Gar",1000,0.450050972091995,0.371920390580618,0.379483796378041,0.462876641834924,0.411638882994043,0.646710902821355
"1992","Pinfish",1000,0.343074176709065,0.299348877371288,0.313961486733133,0.344805163356123,0.315848893489541,0.443494065005542
"1992","Red Drum",1000,0.235806361453191,0.176591130302264,0.187962440207084,0.232669516978143,0.194835971537658,0.289024434045057
"1992","Sheepshead",1000,0.447739733089116,0.42032152886431,0.42262250353626,0.467684212141907,0.423844700040287,0.732599162829257
"1992","Silver Perch",1000,0.506312776988756,0.472048893365918,0.472240451008851,0.512413878220214,0.472370812336074,0.996437755666936
"1992","Southern Flounder",1000,0.146951715128482,0.130862028772893,0.135259185608731,0.147700905957655,0.13901642566517,0.177232462105484
"1992","Southern Kingfish",829,0.994948183142081,0.993837514158309,0.994145503086242,0.994889056937434,0.994320861016094,0.995761022070271
"1992","Spot",1000,0.306472595627642,0.279127944626208,0.282654770681495,0.310690661240216,0.286721054344622,0.401849771508238
"1992","Spotted Seatrout",1000,0.182866790470228,0.150477056078809,0.167448500047368,0.182942022071074,0.17179777079457,0.210974974555716
"1992","Striped Burrfish",999,0.482985647022799,0.466840194994151,0.475812990887209,0.552923183576313,0.478431213166346,0.988431101150292
"1992","Striped Mullet",1000,0.306095945537257,0.173034227372927,0.221954448783109,0.304492540904994,0.226620616548874,0.406818739522587
"1993","American Harvestfish",1000,0.545589915497843,0.504148579862174,0.505478335894981,0.568062924783646,0.505868472905873,0.996555736198528
"1993","Atlantic Croaker",1000,0.225954647222464,0.170682758528973,0.191875723777262,0.227639040853875,0.207544918494328,0.293433571158224
"1993","Atlantic Menhaden",1000,0.478216863393378,0.296886119579826,0.320425974764624,0.483384552065419,0.337250825678198,0.792030627754012
"1993","Atlantic Stingray",1000,0.215228137699144,0.196239142093806,0.20032163133313,0.217604727192693,0.20416507423223,0.262784536662278
"1993","Black Drum",1000,0.202477996706256,0.172424761769608,0.176720599136302,0.202872345956416,0.184004488866901,0.249441983983496
"1993","Bluefish",1000,0.282482551881843,0.259692515796832,0.26107900542241,0.291101214997667,0.262118954643537,0.425818928115559
"1993","Gizzard Shad",1000,0.9182597899342,0.456659791412369,0.459421507650162,0.853785664093068,0.461408171390916,0.980235303134294
"1993","Hardhead Catfish",1000,0.270284055369865,0.218376938819847,0.224235328605835,0.27592242721187,0.240753344512214,0.442818903780816
"1993","Ladyfish",1000,0.273605858802916,0.231271350230762,0.252407093896459,0.281819121160288,0.257219340223553,0.458987648047391
"1993","Longnose Gar",1000,0.540815714552761,0.346767476013342,0.347659604719538,0.526413205410384,0.36608271155022,0.742357779100923
"1993","Pinfish",1000,0.2355717786032,0.213959714688261,0.215675429826702,0.238353012632202,0.219019725180177,0.30538718534713
"1993","Red Drum",1000,0.206098739874105,0.145260695641743,0.153326158899494,0.200456584699983,0.160261827308023,0.22946961674124
"1993","Sheepshead",1000,0.508812074507065,0.384445914443532,0.385861130143634,0.505563174757154,0.419628708891726,0.687560231701556
"1993","Silver Perch",1000,0.367010119437436,0.335997187161422,0.336210651270102,0.373139588277062,0.336363914682942,0.5739386529317
"1993","Southern Flounder",1000,0.109291950610976,0.089467004673039,0.0965976828712524,0.109015696535862,0.101571958957446,0.127757570695451
"1993","Southern Kingfish",998,0.521310833581566,0.519731873477625,0.520244376166903,0.578676238573205,0.520529886453336,0.997033776526845
"1993","Spot",1000,0.297262575483916,0.255429874353355,0.263853784772679,0.298870722105021,0.274975199883864,0.369120849017511
"1993","Spotted Seatrout",1000,0.137760561886078,0.127780746134414,0.130468459085441,0.138150276060611,0.132146883021504,0.157391842687771
"1993","Striped Burrfish",1000,0.487141666880437,0.453717930636074,0.456173819440476,0.510664330229981,0.457221154953793,0.993345196603872
"1993","Striped Mullet",1000,0.130473444049575,0.114767268883261,0.1209126455418,0.130303387318663,0.124462560606685,0.141727854730531
"1994","American Harvestfish",1000,0.476094276546787,0.37130989982348,0.436985267283719,0.490721885145192,0.459390674976231,0.65973044780604
"1994","Atlantic Croaker",1000,0.192966845336735,0.173420822749897,0.176898332490445,0.194042305301966,0.182216349742813,0.227593639956492
"1994","Atlantic Menhaden",1000,0.534324475165045,0.241126068459396,0.276723681961023,0.51920782963105,0.314956229301705,0.787620915933838
"1994","Atlantic Sharpnose Shark",1000,0.316307966881071,0.274142003786683,0.280079737552423,0.314286113783356,0.281462717270907,0.607758002042456
"1994","Atlantic Stingray",1000,0.176728320682151,0.137050407558263,0.141768385572325,0.173868045371601,0.147028678718157,0.207154138106361
"1994","Black Drum",1000,0.248703721871134,0.191022101032191,0.214061504909336,0.248827728900456,0.235164985991426,0.298762837564416
"1994","Bluefish",1000,0.324081627877998,0.284168769344077,0.288403516655354,0.329184822782284,0.304788053999794,0.426662534375104
"1994","Bonnethead",1000,0.284845403438173,0.261289716900187,0.262719879951538,0.29273696252753,0.264059926541831,0.418005213688604
"1994","Gizzard Shad",1000,0.384672535292368,0.323620363670986,0.325204805714589,0.399285102088078,0.360572288702741,0.575838225647117
"1994","Hardhead Catfish",1000,0.131566061935687,0.11784917886415,0.121145796876428,0.132494502589021,0.123801760575776,0.167302617035156
"1994","Ladyfish",1000,0.294839582914966,0.205960328521053,0.210825230575829,0.290957620151538,0.221439008826471,0.419766720221089
"1994","Longnose Gar",1000,0.282385572133148,0.20491496570021,0.209681170932961,0.280910119601295,0.223241824838122,0.374682907118614
"1994","Pinfish",1000,0.323798786396758,0.223533970397634,0.294662865751215,0.327201527212911,0.303226900875183,0.417014486129117
"1994","Red Drum",1000,0.221449038319264,0.119161746399104,0.148169738439727,0.211447702502501,0.15519331564809,0.241335163760777
"1994","Sheepshead",1000,0.3155369125507,0.24355706117887,0.251669426372963,0.318239442460812,0.265624474691791,0.456608300938398
"1994","Silver Perch",1000,0.214162963800738,0.190973358930651,0.19831432398542,0.215961987296161,0.202322884128866,0.278701612565399
"1994","Southern Flounder",1000,0.0907404529957066,0.0776858843679479,0.0826852725946503,0.0905931759075346,0.0859764583443536,0.101475153999942
"1994","Southern Kingfish",1000,0.313590773340358,0.291076024376622,0.291411788979306,0.318700599472929,0.291828519335515,0.451883481876475
"1994","Spot",1000,0.340858368707358,0.150079483859612,0.161763031499295,0.319592731732662,0.174075868577266,0.388780409420074
"1994","Spotted Seatrout",1000,0.101991864382314,0.0903048360693503,0.093832630881485,0.10161853182823,0.0970159220403119,0.111324102846716
"1994","Striped Burrfish",1000,0.267559103441296,0.242684524275772,0.245446159146511,0.270229379256925,0.247747776441886,0.36288244503495
"1994","Striped Mullet",1000,0.117072125339251,0.0971592161635107,0.104111874010262,0.116346282024283,0.107731507693932,0.13179626243213
"1995","American Harvestfish",1000,0.314257540890431,0.287120644492438,0.287746851697454,0.318152705498898,0.288158667498727,0.468199848402622
"1995","Atlantic Croaker",1000,0.165347866784202,0.137789595783974,0.142338196059974,0.167526991228939,0.151229156557951,0.253177084150331
"1995","Atlantic Menhaden",1000,0.29982626731997,0.256797292021481,0.275362725858688,0.305370223638629,0.279232712716026,0.48081188026136
"1995","Atlantic Sharpnose Shark",1000,0.445329260824977,0.41441234302906,0.41678194608423,0.4565394617119,0.418201905127957,0.701823039905466
"1995","Atlantic Stingray",1000,0.166526477009882,0.134121397897721,0.144767354775366,0.167206029293447,0.153007360286802,0.204581626785464
"1995","Black Drum",1000,0.268638067317324,0.216810335865714,0.240348895467305,0.270153859526244,0.25152658234589,0.334638998336576
"1995","Bluefish",1000,0.20557250661268,0.187154304664349,0.190313241440593,0.207210937420122,0.193711205653889,0.272448172708495
"1995","Bonnethead",1000,0.282350133497973,0.260830167375421,0.261522760058032,0.290689193733829,0.262099282479343,0.485654259175293
"1995","Gizzard Shad",1000,0.622235229779022,0.592357354673324,0.592898507832138,0.649228387556404,0.593432342985488,0.997494768771174
"1995","Hardhead Catfish",1000,0.133148138191142,0.114553020396102,0.118635161805925,0.133782063890051,0.123429805087215,0.164873191214917
"1995","Horseshoe Crab",996,0.574408551788488,0.564258205543953,0.570109776000964,0.630950126730284,0.571860589828117,0.996729099455845
"1995","Ladyfish",1000,0.185451093125419,0.17007954173274,0.171867575946667,0.188318066285524,0.174079875804198,0.246609734986026
"1995","Longnose Gar",1000,0.381351728529894,0.18027854130119,0.349323500917738,0.385892352013108,0.360430005152536,0.519156266842523
"1995","Pinfish",1000,0.200779790228224,0.166011216876373,0.179717723522331,0.202188066230463,0.187160426407116,0.26220572563184
"1995","Red Drum",1000,0.111453209055947,0.0945571913586151,0.103213724463852,0.110878349188768,0.106271598451663,0.118903883564009
"1995","Sheepshead",1000,0.286203705969103,0.244299591263185,0.253362503510499,0.290798902807967,0.265624599567435,0.374023429587385
"1995","Silver Perch",1000,0.37227434837898,0.266110239685588,0.276217646770319,0.36276614081554,0.290914850252485,0.448666660338145
"1995","Southern Flounder",1000,0.073448221772231,0.0674766153879215,0.0690023571412514,0.0738427839988803,0.0707662772251757,0.0820736643737924
"1995","Southern Kingfish",1000,0.289704587462593,0.268449495831898,0.268935746500999,0.297088507119942,0.269207883130104,0.524388359793153
"1995","Spot",1000,0.270844062423047,0.146899771928937,0.1531588682527,0.256216321770247,0.159663379855151,0.344679141980932
"1995","Spotted Seatrout",1000,0.12717833412607,0.0700329105155962,0.0758917813831093,0.119951898598317,0.080869208132671,0.13965623733949
"1995","Striped Burrfish",1000,0.204020891970551,0.186147189407873,0.186983948285502,0.206484943617644,0.189513647348412,0.266004835303842
"1995","Striped Mullet",1000,0.217057612276094,0.100089765688864,0.105980465405957,0.199793572762962,0.110137240081121,0.254997917713935
"1996","American Harvestfish",1000,0.549936441527755,0.443200034790162,0.512643301885265,0.58369542116168,0.513044756858954,0.840671910222682
"1996","Atlantic Croaker",1000,0.239753697012271,0.202023989381332,0.206851490326687,0.242904921266896,0.219655251079913,0.359089245325865
"1996","Atlantic Menhaden",1000,0.259731770831844,0.227709800659755,0.237910689219727,0.262900122781088,0.23903709643227,0.393986174712147
"1996","Atlantic Sharpnose Shark",999,0.361472576104099,0.321430780087521,0.323695938124409,0.364761763117626,0.324894538314544,0.63660453534421
"1996","Atlantic Stingray",1000,0.135540194272833,0.123793619681329,0.126416799633528,0.135620923061663,0.129131164482435,0.156600754227093
"1996","Black Drum",1000,0.260067663473938,0.189188253857452,0.218328629265242,0.25836030392321,0.230362940631456,0.309048118335314
"1996","Bluefish",1000,0.287545523292613,0.260145385732953,0.267999674061142,0.293029105136495,0.269987015561855,0.392211269813311
"1996","Bonnethead",1000,0.24892208725411,0.229195133728107,0.230101394658893,0.257094692063428,0.230603725922742,0.4038112240184
"1996","Gizzard Shad",1000,0.573426155502279,0.554451630101513,0.554738462364701,0.592838533607945,0.554925445711689,0.704050681073656
"1996","Hardhead Catfish",1000,0.154525288552022,0.141586559657844,0.14246658940987,0.155815534703021,0.144895235285713,0.199607550222355
"1996","Horseshoe Crab",1000,0.370129043905969,0.342526641545385,0.347452642223367,0.396700187730509,0.348071126735836,0.998438427439036
"1996","Ladyfish",1000,0.253956624241571,0.232077123460527,0.232731122090342,0.257107978513767,0.236601315972104,0.35255859525759
"1996","Longnose Gar",1000,0.225055030633682,0.205560202423995,0.210071816320929,0.227567961613525,0.212962137665805,0.283046086340871
"1996","Pinfish",1000,0.344044323324641,0.205059526287534,0.230367252470113,0.335857511239473,0.248428868719461,0.472098229926621
"1996","Red Drum",1000,0.122591538610786,0.101665791486819,0.112218732961419,0.121746125442172,0.116057785842971,0.130384883152872
"1996","Sheepshead",1000,0.22069961851159,0.185909289667969,0.201257361055674,0.222913599146901,0.204855246872107,0.278623272514338
"1996","Silver Perch",1000,0.351295929199788,0.313429943600079,0.330604746482316,0.363295808235476,0.332776949527676,0.46607252751271
"1996","Southern Flounder",1000,0.111132268932282,0.0856136849947564,0.089774688634908,0.109423148152443,0.0937625416607334,0.130825066417018
"1996","Southern Kingfish",1000,0.329457376850408,0.312166526229254,0.312547991566519,0.34872151123761,0.312727199025924,0.574762958762162
"1996","Spot",1000,0.216815563158539,0.145736530353908,0.150416160426309,0.210222848614253,0.156594022381721,0.271640470310415
"1996","Spotted Seatrout",1000,0.0843508786645479,0.0737049268094854,0.0765086555290912,0.0840490308593284,0.0792212333575017,0.0937084496542059
"1996","Striped Burrfish",1000,0.207683403320834,0.187652419268537,0.188995520117617,0.209829223584571,0.191873146851632,0.337327706861011
"1996","Striped Mullet",1000,0.128566130103081,0.109085294773789,0.114060728449497,0.127952143706204,0.118307722122966,0.145890231305778
"1997","American Harvestfish",1000,0.349771576608501,0.330562335033794,0.330965911452086,0.363767922002437,0.331181941372976,0.574477833895511
"1997","Atlantic Croaker",1000,0.176412511032711,0.137972701273871,0.147180117283238,0.176714757687351,0.156105801525845,0.23857595186694
"1997","Atlantic Menhaden",1000,0.62455021307927,0.258578857353691,0.271708948700478,0.587338539942144,0.296547968762544,0.80438338389998
"1997","Atlantic Sharpnose Shark",997,0.542418568735754,0.517586933336814,0.520674327768869,0.554288830480828,0.521717043591933,0.997264593037483
"1997","Atlantic Stingray",1000,0.179555856986773,0.14425161106435,0.152361414404398,0.179290674330411,0.166811680007156,0.214450363214914
"1997","Black Drum",1000,0.194926329652945,0.178026992375947,0.181935133455501,0.19589191678463,0.185846126200484,0.231070382323543
"1997","Bluefish",1000,0.235531364709012,0.214334051806264,0.214780248594216,0.237547178679719,0.219762805361811,0.331487083088914
"1997","Bonnethead",1000,0.348876075809887,0.327127202165759,0.327878419240748,0.365287021017472,0.328217060540897,0.597388471640651
"1997","Gizzard Shad",1000,0.418516248024524,0.391722878301934,0.392269392382276,0.431618691953281,0.392643497006346,0.597328146646981
"1997","Hardhead Catfish",1000,0.170253933207257,0.137064602986069,0.145816670649812,0.170422610646918,0.156107400040453,0.223913139246872
"1997","Horseshoe Crab",1000,0.374038282646753,0.328545776175892,0.33294451464578,0.377288944963811,0.334883865155931,0.736968406411675
"1997","Ladyfish",1000,0.191844280461649,0.175103834618273,0.178889250564548,0.193240228071969,0.182736345589775,0.227199338379515
"1997","Longnose Gar",1000,0.387369349294016,0.180468006546298,0.200030025051491,0.36181341717926,0.215405424567243,0.488120944789245
"1997","Pinfish",1000,0.355850606801286,0.220186142439443,0.312163819499496,0.360942468603757,0.330511748055299,0.560067781419474
"1997","Red Drum",1000,0.149345994956173,0.106959202508171,0.127724773376049,0.148551418068462,0.13890002936522,0.169135789809352
"1997","Sheepshead",1000,0.25470443521123,0.207362156443876,0.222893615283036,0.256479805939029,0.234010998475839,0.341727811540181
"1997","Silver Perch",1000,0.274504869959553,0.252561164632564,0.252657844135989,0.276419790186207,0.259415710308712,0.350373240851528
"1997","Southern Flounder",1000,0.0762900351860529,0.06768864535851,0.0701615264032841,0.0761285655594908,0.0723789197653978,0.0855697134192596
"1997","Southern Kingfish",1000,0.235974775258342,0.211936304243456,0.216394157440099,0.239241043700067,0.220629816633501,0.312936536712247
"1997","Spot",1000,0.190429730290147,0.123423711017976,0.15920203248832,0.188393038966935,0.168882022921609,0.225152316939961
"1997","Spotted Seatrout",1000,0.0798490781377137,0.0707756796923632,0.0745255662675102,0.0796748252603132,0.0764015244722913,0.0855977134399438
"1997","Striped Burrfish",1000,0.235753955503105,0.214866004051538,0.217462511353665,0.241948690863807,0.219076387216708,0.362397216105681
"1997","Striped Mullet",1000,0.190294892509564,0.119052760412664,0.139354313075719,0.184985158731542,0.144276313678369,0.22968881148661
"1998","American Harvestfish",1000,0.242560851695875,0.224403770713984,0.224829355898614,0.247735901792736,0.2288886615003,0.344451613272324
"1998","Atlantic Croaker",1000,0.114071765853316,0.103835611243755,0.106099202075039,0.114584437932528,0.108405734799552,0.134601565327675
"1998","Atlantic Menhaden",1000,0.623925013316978,0.247264348612631,0.257123058642046,0.577004264024061,0.273152879676819,0.766283751656538
"1998","Atlantic Sharpnose Shark",1000,0.249513033759753,0.207372687382671,0.209224560801736,0.258600662609451,0.229609027719062,0.483901297472721
"1998","Atlantic Stingray",1000,0.116606780798442,0.106118795182327,0.108928251153433,0.117343992764714,0.111100245333566,0.139244730874841
"1998","Black Drum",1000,0.14481271689957,0.13011192393601,0.136583088645117,0.144881516557098,0.13898575691686,0.157880835771429
"1998","Bluefish",1000,0.260157257098822,0.132595613700808,0.138447245184459,0.244040325093742,0.146969330750233,0.324958943029753
"1998","Bonnethead",1000,0.236739723087111,0.214139167827583,0.214941683896011,0.238583107650261,0.219689289196669,0.349069308096193
"1998","Gizzard Shad",1000,0.242850281810279,0.221412252075336,0.222456291997603,0.245518548268996,0.227622794640408,0.316745306611397
"1998","Hardhead Catfish",1000,0.233913006704936,0.153289701634415,0.170047775329319,0.231256707911346,0.188185400857729,0.307214543179301
"1998","Horseshoe Crab",998,0.405023069757537,0.379162992449065,0.382272202315162,0.435118432704568,0.383364243552499,0.99603123874718
"1998","Ladyfish",1000,0.150310250267108,0.135596669669472,0.139216213075944,0.151364501313503,0.142434276879951,0.181887379419377
"1998","Longnose Gar",1000,0.193580229335728,0.169327853968767,0.178159189637012,0.195025546882889,0.182087093316834,0.236324836412575
"1998","Pinfish",1000,0.310783735345786,0.183043853157129,0.198257157028135,0.316884390260751,0.220933709349802,0.57698186952488
"1998","Red Drum",1000,0.0959043898570323,0.0844988294375656,0.088275883698385,0.0954392000654816,0.0910917105729109,0.104349949637469
"1998","Sheepshead",1000,0.218774593925191,0.195566783853639,0.201184798663321,0.221113126671891,0.205413938464693,0.271956225578281
"1998","Silver Perch",1000,0.222563536320815,0.16859800835547,0.191423202679399,0.222776428496741,0.204596234137089,0.279667960983434
"1998","Southern Flounder",1000,0.078377211971067,0.0684074795048552,0.0713996530921625,0.0781035975374444,0.0734291738859167,0.0881528640838923
"1998","Southern Kingfish",1000,0.189120826649474,0.155090842061737,0.160592105977946,0.1912794934873,0.170364138859027,0.259536228036778
"1998","Spot",1000,0.123924121818484,0.0983145389689051,0.10245747212841,0.122048913579012,0.10676030799113,0.143385509976954
"1998","Spotted Seatrout",1000,0.0762265375309353,0.0614096058990387,0.0652800040093452,0.0750867725651344,0.0676073878175957,0.0826473406312122
"1998","Striped Burrfish",1000,0.212949973252534,0.190042070637362,0.195191238092485,0.215802000049922,0.19762637359794,0.292458275330142
"1998","Striped Mullet",1000,0.148089900315465,0.091135367888936,0.103375642269936,0.144412623325149,0.130356335620738,0.163688938307771
"1999","American Harvestfish",1000,0.325790766147012,0.298995102290291,0.309676969273346,0.342331747558964,0.312777596541943,0.524836332393223
"1999","Atlantic Croaker",1000,0.131081222001771,0.11238519562664,0.116798681314033,0.131788589140625,0.121603201120562,0.171030644585252
"1999","Atlantic Menhaden",1000,0.468330287431391,0.231123294545864,0.254600679610441,0.45610300897175,0.269210652891514,0.641532129581095
"1999","Atlantic Sharpnose Shark",1000,0.236721101246634,0.220919542103509,0.221753729799517,0.243641391409242,0.222903552926047,0.342645929472404
"1999","Atlantic Stingray",1000,0.133416696709903,0.123411721990212,0.126288694964812,0.134124554756266,0.128115062529085,0.153054004752651
"1999","Black Drum",1000,0.19924620179013,0.149089970815861,0.157108705220704,0.197814050378972,0.163094253527722,0.25767145583568
"1999","Blue Crab",969,0.705852865634381,0.705648699999835,0.705703784848599,0.796609385285248,0.705757282185992,0.999183886740085
"1999","Bluefish",1000,0.211021396813536,0.194080124307115,0.196171862955333,0.213094655004601,0.19846665120923,0.278108055845529
"1999","Bonnethead",1000,0.212417023604468,0.191420248680227,0.195090561849818,0.215841641924566,0.195922470547033,0.296132175667945
"1999","Gizzard Shad",1000,0.328728772929282,0.299222093349293,0.304249551529624,0.332843168023779,0.308415999358205,0.429086713680922
"1999","Hardhead Catfish",1000,0.152894114422645,0.13918618174363,0.140955256031685,0.153926134528745,0.144188673906563,0.195042849051422
"1999","Horseshoe Crab",999,0.462892515207172,0.440498457572732,0.443164214144631,0.506840125493112,0.444354734249875,0.995687490491071
"1999","Ladyfish",1000,0.134969511199914,0.122274664955243,0.124978887292704,0.135423393683105,0.128061795761577,0.157061616005206
"1999","Longnose Gar",1000,0.245395266312617,0.197819941939019,0.211228099529919,0.249197583049202,0.228075368741128,0.342976310768573
"1999","Pinfish",1000,0.278945904760318,0.147243758810248,0.157484963724849,0.265594045351554,0.165014982998987,0.347801642223646
"1999","Red Drum",1000,0.134506493486308,0.101236672047625,0.11056013476941,0.132048109905085,0.118639649785515,0.148681665512562
"1999","Sheepshead",1000,0.250798555488582,0.206662454238695,0.224782320494258,0.25203162790067,0.233603672586329,0.315972278683546
"1999","Silver Perch",1000,0.179591468488872,0.132665224664141,0.137814481454388,0.175875667621717,0.144136800532989,0.218883683407204
"1999","Southern Flounder",1000,0.081228128276441,0.073580540170014,0.0762204814181365,0.081393114524642,0.077836924780365,0.0903123088863004
"1999","Southern Kingfish",1000,0.169564183364757,0.154262729310005,0.15792235825135,0.170467757168333,0.160755396954218,0.210255980028557
"1999","Spot",1000,0.103475982196634,0.0909722430357732,0.0962050483916453,0.10370672813651,0.098587195643386,0.122339479192961
"1999","Spotted Seatrout",1000,0.0564033632818577,0.0527210203334866,0.0542023194647064,0.0564138998601594,0.0549254074124078,0.0598781130410569
"1999","Striped Burrfish",1000,0.165987533377947,0.133936086880751,0.138820251074207,0.166227245272098,0.147418397799041,0.223380067572563
"1999","Striped Mullet",1000,0.118762271428939,0.0986901819071348,0.104047326606019,0.117771821892933,0.10869796960582,0.127957623566363
"2000","American Harvestfish",1000,0.418653047238542,0.259334021315339,0.268200794769944,0.405455661248433,0.287416834423231,0.577796333110363
"2000","Atlantic Croaker",1000,0.127645097111902,0.115648004687555,0.117899068879297,0.128788380106428,0.120769579598028,0.163147376452485
"2000","Atlantic Menhaden",1000,0.333662672452476,0.295075284091867,0.318039809927695,0.348599415553711,0.321272553378291,0.528874172030529
"2000","Atlantic Sharpnose Shark",1000,0.208479747843391,0.187840093281753,0.189974217098041,0.211845223807279,0.192056215700804,0.360059608865911
"2000","Atlantic Stingray",1000,0.129317203770188,0.115751979825262,0.121063845723459,0.129809820344103,0.123931092990512,0.148937738584387
"2000","Black Drum",1000,0.153311236752403,0.119523122809412,0.124832901581134,0.15106092066777,0.129545301248378,0.174044000321972
"2000","Bluefish",1000,0.356044450621958,0.202554588724015,0.207791879628429,0.348727124017127,0.221326500460136,0.565138562124066
"2000","Bonnethead",1000,0.317060038879418,0.265990138229668,0.271563552951674,0.319840862673119,0.287764221075824,0.422423896220824
"2000","Gizzard Shad",1000,0.328623508389921,0.31078139425346,0.311517376951885,0.345477549984035,0.311918494395081,0.562262649620446
"2000","Hardhead Catfish",1000,0.18674654063731,0.169076397025026,0.171895199143484,0.188387268697182,0.175432113252241,0.235680600514881
"2000","Horseshoe Crab",1000,0.478350858849052,0.303812102308099,0.307526627686328,0.494361255333073,0.313715036732575,0.850505362419449
"2000","Ladyfish",1000,0.173429944377818,0.151806720684176,0.157728887842864,0.174590811352518,0.162366679433794,0.246256844855083
"2000","Longnose Gar",1000,0.279588968151657,0.257375951830166,0.25936745639716,0.28232185100568,0.26337668353686,0.332971145851194
"2000","Pinfish",1000,0.248258451095769,0.213136280738176,0.227556904048163,0.249566412095954,0.23279069231353,0.322993937026845
"2000","Red Drum",1000,0.127366905388695,0.107473431991774,0.117028271517003,0.126785687176905,0.120364051686897,0.139542693699017
"2000","Sheepshead",1000,0.249559764993904,0.159533751604549,0.171663004588591,0.242720946542579,0.180828954439858,0.333385198621432
"2000","Silver Perch",1000,0.178669714540525,0.147026063905132,0.152306835378942,0.177898226677274,0.158856457443708,0.22198696996978
"2000","Southern Flounder",1000,0.0810337434578397,0.073616622039223,0.0765617948510973,0.0812392026728899,0.0781776658411481,0.0903443284672366
"2000","Southern Kingfish",1000,0.136062161870296,0.11804297931448,0.122098834011895,0.136096526325726,0.126679689359258,0.160629377395312
"2000","Spot",1000,0.147057616153912,0.12672554350385,0.132771369268037,0.146861547693874,0.137906106027525,0.170076931983844
"2000","Spotted Seatrout",1000,0.0687293307133032,0.06125913296387,0.0631123616086371,0.0683884412301894,0.0657022453297694,0.0732663932635491
"2000","Striped Burrfish",1000,0.170577840619252,0.152077459018717,0.15547699231126,0.171872876690783,0.159061040593411,0.233316780850297
"2000","Striped Mullet",1000,0.1539000875416,0.123643009239809,0.144329321640078,0.154006617163808,0.147933424410808,0.177039701427844
"2001","American Harvestfish",1000,0.335361512218641,0.305935588181789,0.306316923178918,0.341232947644621,0.306514123923385,0.705411047577607
"2001","Atlantic Croaker",1000,0.157473133786788,0.143774345822668,0.145982398754625,0.158998363106497,0.148344976925713,0.201016801787156
"2001","Atlantic Menhaden",1000,0.330823339051612,0.213521458574268,0.255401890087405,0.331401553183219,0.284830543850781,0.535218293762029
"2001","Atlantic Sharpnose Shark",1000,0.207004511991255,0.189339345943135,0.19179897000799,0.213085922382674,0.193226523508031,0.285456277543259
"2001","Atlantic Stingray",1000,0.164556036947698,0.120244568816052,0.138633070373157,0.163647640390929,0.150562300660662,0.191351767684803
"2001","Black Drum",1000,0.178439392082678,0.164002480094303,0.167658106261322,0.179281798769566,0.170121670449031,0.209670383936239
"2001","Bluefish",1000,0.184039576646029,0.167614602281994,0.17117373037236,0.185780680244042,0.174984851020549,0.235830029645576
"2001","Bonnethead",1000,0.17478720613667,0.1585992413234,0.160240162250384,0.17680764161315,0.163645869829145,0.233969004383369
"2001","Gizzard Shad",1000,0.305019183069088,0.273733906834048,0.285239977943035,0.309326109533161,0.28890230819005,0.392751577671527
"2001","Hardhead Catfish",1000,0.320934828115776,0.17913176195782,0.18863408915759,0.309937544433462,0.197796950828047,0.433068342628649
"2001","Horseshoe Crab",1000,0.30942296437678,0.281796060988945,0.287101960614509,0.327162232733789,0.289172197788935,0.675672461743676
"2001","Ladyfish",1000,0.188396660332816,0.172005686136817,0.175593485597084,0.19007397574805,0.179125427334553,0.227086684028572
"2001","Longnose Gar",1000,0.225341112629157,0.195774882462905,0.19998473157136,0.230140128219145,0.208109412228257,0.34629316916814
"2001","Pinfish",1000,0.181960161464735,0.163876739477156,0.168689346853146,0.183629420353245,0.171558535940795,0.224379906207892
"2001","Red Drum",1000,0.103566923803049,0.0923535284087282,0.0962390569288814,0.103363200592781,0.0990256573676678,0.113855787277544
"2001","Sheepshead",1000,0.273321389197843,0.232928385700525,0.252438506572839,0.27467364881191,0.255899526012747,0.339887983734714
"2001","Silver Perch",1000,0.376050538247827,0.351417331130392,0.351445967923352,0.388550213309337,0.351465631173597,0.576075593150881
"2001","Southern Flounder",1000,0.0808291906981804,0.0738890993116236,0.0759842013253683,0.0810455073464577,0.0774769631374024,0.092725144010069
"2001","Southern Kingfish",1000,0.278357722445765,0.252104242386104,0.252578070760553,0.280712124384693,0.255725394248387,0.365275947690519
"2001","Spot",1000,0.139952969563308,0.111195860235737,0.126623922239638,0.139616851810216,0.131348181280677,0.157069110004794
"2001","Spotted Seatrout",1000,0.0894071533131596,0.0800173934679207,0.0825818695435821,0.0891607059811021,0.084742674669532,0.097351735870212
"2001","Striped Burrfish",1000,0.191799453631448,0.174892848930788,0.177509321805734,0.193664723973981,0.181140012461665,0.248223165576484
"2001","Striped Mullet",1000,0.13756023914572,0.0890328286643181,0.0939322154986865,0.132370784486718,0.0977928615303077,0.156183578346799
"2002","American Harvestfish",999,0.473201770893828,0.447363744678949,0.447581839885055,0.499896401585664,0.447716604014519,0.998751200941765
"2002","Atlantic Croaker",1000,0.113263153387227,0.0999030273480844,0.103668510433086,0.114009951019907,0.106185022063017,0.143432840443216
"2002","Atlantic Menhaden",1000,0.937726482206537,0.25467130328946,0.280154912323627,0.860048595383238,0.446627254625553,0.975613146991725
"2002","Atlantic Sharpnose Shark",1000,0.231787371153615,0.215915211610222,0.217186003698981,0.240679055581328,0.21866918979527,0.351894773344563
"2002","Atlantic Stingray",1000,0.12366482831247,0.104836471677283,0.114927454126711,0.124092612719713,0.117996677857784,0.147257946157744
"2002","Black Drum",1000,0.134281144541391,0.116637560243156,0.123007963607615,0.134099524229649,0.127342053269883,0.146960118303567
"2002","Bluefish",1000,0.205454593696765,0.188133120353758,0.192079303706075,0.207778845225074,0.195827584252553,0.256174405732262
"2002","Bonnethead",1000,0.160376212175564,0.142963911206084,0.147158152236666,0.161373721562443,0.150870687469912,0.190801164283181
"2002","Gizzard Shad",1000,0.590115088272816,0.496003089444549,0.49632798243865,0.603517293524651,0.574052896983216,0.770049276379466
"2002","Hardhead Catfish",1000,0.225157595387736,0.196810645843538,0.207197424362969,0.226574617071852,0.208921715823191,0.299284909353161
"2002","Horseshoe Crab",1000,0.380400171841112,0.362024975376039,0.364931119254418,0.399213230320939,0.365991740700829,0.735977080421761
"2002","Ladyfish",1000,0.322126280823446,0.140882036453102,0.164730919856716,0.307348964749682,0.191438358428499,0.425796143379115
"2002","Longnose Gar",1000,0.320298411296928,0.20822592364581,0.213298042428456,0.309955858232337,0.225045354161465,0.437428199279447
"2002","Pinfish",1000,0.193776262161455,0.175253027719896,0.180520236865569,0.194995449857764,0.183695524738082,0.234922656633628
"2002","Red Drum",1000,0.118930764527908,0.0825497077380935,0.0889837450913191,0.115204350960886,0.0924070265670266,0.130015128799316
"2002","Sheepshead",1000,0.214774459792869,0.190187751651947,0.197018828936012,0.21640521165797,0.200902652503688,0.279358910259856
"2002","Silver Perch",1000,0.35149273493345,0.325472078877272,0.325496873113274,0.361073270661236,0.325522044442055,0.527775862893367
"2002","Southern Flounder",1000,0.0769109651308859,0.0658817877253041,0.0681420489082231,0.076262398042471,0.0702039260267929,0.0852250954792456
"2002","Southern Kingfish",1000,0.256266817008335,0.206558728645235,0.215572578158688,0.255306528470472,0.226072475066896,0.32383335784213
"2002","Spot",1000,0.149228845315767,0.116157864908731,0.128330559649755,0.148859755862456,0.133443058323914,0.186680498194591
"2002","Spotted Seatrout",1000,0.0780971078192317,0.0730477406668777,0.0744916126723863,0.0781774610087284,0.0755493887911539,0.0860248384742688
"2002","Striped Burrfish",1000,0.137570480492729,0.123983382232031,0.12617283486606,0.138475737538423,0.129449516227828,0.172611800327644
"2002","Striped Mullet",1000,0.0911918167912844,0.0820292088053429,0.086641815526136,0.0911836067029543,0.0881971891583533,0.0993765396934794
"2003","American Harvestfish",1000,0.366351313425851,0.340177726542231,0.340419868853291,0.372849082588415,0.350344616799827,0.482115970511022
"2003","Atlantic Croaker",1000,0.116239321349445,0.0955913959248333,0.101269025966952,0.116117937376008,0.106261572992017,0.137687368197048
"2003","Atlantic Menhaden",1000,0.866400984681095,0.36575912532314,0.368385509340864,0.794851812022221,0.385380300093245,0.966407863793759
"2003","Atlantic Sharpnose Shark",1000,0.26233930510634,0.238540129386393,0.240636342504496,0.266702116920682,0.241521201481893,0.411439974619719
"2003","Atlantic Stingray",1000,0.125155615177133,0.11425138188176,0.118318082893883,0.125534855088959,0.120186258647773,0.145125009966542
"2003","Black Drum",1000,0.156957598992725,0.134050009898146,0.141170920418736,0.156462968734848,0.146497136060309,0.173332301461205
"2003","Bluefish",1000,0.532822278754672,0.294679447207555,0.321291838863867,0.515046213201029,0.348647499230361,0.687057632805735
"2003","Bonnethead",1000,0.158162169365156,0.143594114954625,0.14590813580664,0.159274931648666,0.149424873881391,0.191674530477087
"2003","Gizzard Shad",1000,0.491784862116136,0.248069830470485,0.282056036275477,0.476742567808591,0.299273426937885,0.747973932584414
"2003","Hardhead Catfish",1000,0.390227958237264,0.262203101659328,0.2663033146557,0.389694309396382,0.284504791606321,0.57251689390188
"2003","Horseshoe Crab",1000,0.336617686647323,0.324326500889461,0.327510162342475,0.370927376931291,0.328529293958168,0.996016625064189
"2003","Ladyfish",1000,0.16583424123116,0.151932544912423,0.154870093604647,0.168307169866597,0.157141086300271,0.218217811634804
"2003","Longnose Gar",1000,0.198756901668289,0.137282208312566,0.152226320785965,0.197183879133319,0.178027715042161,0.244353889816602
"2003","Pinfish",1000,0.201118258685855,0.146984493758675,0.15289257908064,0.197171286439377,0.159493506662234,0.250772949927261
"2003","Red Drum",1000,0.0917214674718657,0.0823134137274167,0.0852739485494252,0.0913820695322789,0.087790322409518,0.0975640683903287
"2003","Sheepshead",1000,0.171338729252335,0.147533336444142,0.15405459894077,0.171635578879199,0.159436549737585,0.205367927254969
"2003","Silver Perch",1000,0.383877125004145,0.237827917316867,0.244858128578196,0.370341913876368,0.260698073599318,0.527930938669129
"2003","Southern Flounder",1000,0.0740614564960937,0.0659620433472352,0.0694189091790996,0.0740678140822998,0.0708012773073477,0.0815510800472765
"2003","Southern Kingfish",1000,0.204599670281522,0.178499963762117,0.186774663795794,0.205306060816337,0.191876494177156,0.256401407062045
"2003","Spot",1000,0.176139872999064,0.161232840792913,0.165024188482722,0.176777597865286,0.167743576009988,0.20610634466879
"2003","Spotted Seatrout",1000,0.0740649272819265,0.0637688845494696,0.0666967636830397,0.0735191394462897,0.0686302830752676,0.0816521424040347
"2003","Striped Burrfish",1000,0.255246207157321,0.234944663780574,0.235843845682092,0.25986677227132,0.238192541232334,0.37970899338147
"2003","Striped Mullet",1000,0.11792348641591,0.0947450400595425,0.107093793778314,0.117574955628311,0.111844331304681,0.135135810025758
"2004","American Harvestfish",1000,0.268542721053837,0.244292310733429,0.246246389467977,0.27325052768279,0.246839952028438,0.386661074793595
"2004","Atlantic Croaker",1000,0.182069312298672,0.152940298472376,0.161489289518393,0.183159145965631,0.170130370957239,0.223460968640885
"2004","Atlantic Menhaden",1000,0.707220245153463,0.223499797589096,0.232179152763647,0.641722184743341,0.251288918860701,0.797477284230044
"2004","Atlantic Sharpnose Shark",1000,0.279628953626302,0.221742999364417,0.223577764667805,0.280651703380839,0.241715845496988,0.454144594131866
"2004","Atlantic Stingray",1000,0.116054349752961,0.106072157422263,0.109167006023794,0.116325098613165,0.111377661027797,0.133490010134272
"2004","Black Drum",1000,0.173266263015163,0.137026651558132,0.140682384950179,0.170482242133916,0.145652817068023,0.199098495307686
"2004","Bluefish",1000,0.239167678314925,0.221250130044041,0.221752240651738,0.245430568137949,0.227007430835723,0.315536655588789
"2004","Bonnethead",1000,0.189141978959192,0.17177315376439,0.172765030651141,0.191452816790984,0.173554610462753,0.252100989564309
"2004","Gizzard Shad",1000,0.318974852860558,0.203191187130781,0.296119689910682,0.321097890104111,0.301793721644002,0.417818205219719
"2004","Hardhead Catfish",1000,0.395607948468494,0.256636780632431,0.257448162400175,0.407265593085872,0.273920282208414,0.626931817912474
"2004","Horseshoe Crab",1000,0.343982527788264,0.308541570943476,0.312250636081167,0.353653969668476,0.313460120195914,0.993749224496127
"2004","Ladyfish",1000,0.253426627599267,0.197973552763412,0.227153771017325,0.25618243838355,0.239132971540868,0.342901049619737
"2004","Longnose Gar",1000,0.223593949531736,0.143465813899552,0.178795669370956,0.223189877748634,0.193805665355388,0.289398395799099
"2004","Pinfish",1000,0.235170185384559,0.176342743413662,0.182574049119725,0.233607197154844,0.192007892701445,0.321527695375388
"2004","Red Drum",1000,0.102197393390119,0.0812477530376873,0.0876495473676194,0.100704733566555,0.0918718604724175,0.109006792876327
"2004","Sheepshead",1000,0.196665371933843,0.179131003327439,0.183467317991554,0.197817432725641,0.187080944767347,0.235788898050528
"2004","Silver Perch",1000,0.304162332626081,0.27257868270071,0.28107946714699,0.309513796185318,0.281130429186809,0.422881582644514
"2004","Southern Flounder",1000,0.0881422492161092,0.0680293101376925,0.0757657511176811,0.0871470741024823,0.0791598419338242,0.104778082537039
"2004","Southern Kingfish",1000,0.194406184372003,0.178075277957272,0.182116754869053,0.195669639755104,0.184749548399419,0.231752612607903
"2004","Spot",1000,0.134083508094887,0.114279380848941,0.122140300704835,0.134547557822372,0.126618890143745,0.159232935187534
"2004","Spotted Seatrout",1000,0.0784225920281627,0.0658679032709776,0.069846887778892,0.0777085638075765,0.0715891810271271,0.0851953683752416
"2004","Striped Burrfish",1000,0.138512047758799,0.124894742335975,0.12700565792345,0.140131538201954,0.129457819064812,0.186018554457644
"2004","Striped Mullet",1000,0.123625766012887,0.103324847707589,0.109595326473783,0.123007243863246,0.114318170875136,0.140000080584429
"2005","American Harvestfish",1000,0.335651094551398,0.310643928153292,0.310946999614404,0.343565090836238,0.311108949169858,0.575195025737525
"2005","Atlantic Croaker",1000,0.128620732260295,0.108273986263097,0.11395770321972,0.129401756085127,0.119166950149009,0.170733366339561
"2005","Atlantic Menhaden",1000,0.304860751268249,0.207426165647354,0.250960253902282,0.305468805156958,0.264601540345523,0.391815046047291
"2005","Atlantic Sharpnose Shark",1000,0.273468080070311,0.236589877098533,0.255965181844548,0.284005781320968,0.257533871429138,0.533836668707932
"2005","Atlantic Stingray",1000,0.144230699877436,0.113156902724341,0.125711559958507,0.143670502617724,0.131029580490657,0.175361476859853
"2005","Black Drum",1000,0.173638319617577,0.158780198113039,0.162765493403738,0.174336744191855,0.165753447571847,0.207316549738519
"2005","Bluefish",1000,0.336836510251048,0.252238642283047,0.261320633995775,0.334489274374166,0.271495891148736,0.455707510074111
"2005","Bonnethead",1000,0.18229857433766,0.166169949712549,0.166995553579878,0.185113121754637,0.169322230228092,0.251720458912624
"2005","Gizzard Shad",1000,0.477363140365835,0.227169485733256,0.330841608078789,0.470936080400071,0.354914079105886,0.659178836750563
"2005","Hardhead Catfish",1000,0.322427964476353,0.290249199999559,0.290931452489202,0.323066498033784,0.291258671243857,0.42798809696601
"2005","Horseshoe Crab",1000,0.341991748140213,0.313931914563195,0.319122686952377,0.361111908366677,0.338096972316011,0.99551801636211
"2005","Ladyfish",1000,0.199009442511793,0.153188179419023,0.166358394191031,0.199935100444802,0.182379999453796,0.279716456518192
"2005","Longnose Gar",1000,0.401135458170231,0.169211688645044,0.212020625099587,0.378397755689641,0.223059910279349,0.528729081312745
"2005","Pinfish",1000,0.211499570076252,0.187924019539979,0.198307009694083,0.213153705000359,0.20164752721711,0.283348409398552
"2005","Red Drum",1000,0.118350538855263,0.0815811384496821,0.0885005899477768,0.114697335232811,0.0926236558784848,0.124508887358427
"2005","Sheepshead",1000,0.198846200017502,0.169020170946075,0.17699863962933,0.20076796192394,0.185314269010357,0.250677640773656
"2005","Silver Perch",1000,0.245862530211862,0.214536707027618,0.219800321925518,0.250506704099952,0.228208188841328,0.36253708888006
"2005","Southern Flounder",1000,0.067427708313982,0.0619605251475609,0.0639636463776018,0.0675531625268405,0.0650263764892445,0.075621334733952
"2005","Southern Kingfish",1000,0.178785776361563,0.162565405479739,0.163130348828636,0.18034629999333,0.167234333879552,0.250730530366737
"2005","Spot",1000,0.205593205412424,0.131674814171742,0.1398893814844,0.198306156890498,0.146491302522022,0.241237001829276
"2005","Spotted Seatrout",1000,0.0747911536003361,0.0689990055885468,0.0713070465243303,0.0748176062783281,0.0725638092575475,0.0807211137894816
"2005","Striped Burrfish",1000,0.265724910924078,0.232619180712218,0.239913312460275,0.268620861483446,0.245119577492769,0.432161005362057
"2005","Striped Mullet",1000,0.126672476264017,0.105192711238087,0.114315795420361,0.126340823545659,0.119203169954004,0.140788808518723
"2006","American Harvestfish",1000,0.302190205843176,0.275671022802906,0.282330054073586,0.30769792452249,0.284611527521324,0.40225803823847
"2006","Atlantic Croaker",1000,0.108946512281377,0.0995206101344428,0.101222546449039,0.109506076154367,0.103463933256898,0.129284137691882
"2006","Atlantic Menhaden",1000,0.445816622670599,0.212183671831538,0.424113666928345,0.464439176822395,0.43316975813145,0.635399414035343
"2006","Atlantic Sharpnose Shark",1000,0.238286815234458,0.221187819244455,0.222716652782072,0.246334267818613,0.22376569801262,0.433516389556056
"2006","Atlantic Stingray",1000,0.130533333960667,0.110764327556322,0.118311187385747,0.130709408612183,0.123237577894302,0.149015643370754
"2006","Black Drum",1000,0.120287033536059,0.105479748846871,0.109633099944419,0.119509008243465,0.112311782940295,0.130218280158775
"2006","Blue Crab",1000,0.142992781361262,0.0885966440016485,0.102190003398981,0.140939237601942,0.12461517336742,0.174684885851946
"2006","Bluefish",1000,0.238679359220036,0.215074744424071,0.220798600550533,0.242785226193982,0.226315722703729,0.324497286206584
"2006","Bonnethead",1000,0.17974370720157,0.163562140351934,0.164250231256806,0.181143738409548,0.168611553846967,0.23508634420839
"2006","Gizzard Shad",1000,0.204253047557049,0.186515190960247,0.18826152985188,0.206797224582175,0.190826666736337,0.273500627443831
"2006","Hardhead Catfish",1000,0.310106612499904,0.269609213153422,0.270181104558144,0.322724277055471,0.289946503147466,0.460184392933926
"2006","Horseshoe Crab",1000,0.365180390268777,0.351963500488531,0.354506018234158,0.404128819712956,0.361103429312554,0.995741534143851
"2006","Ladyfish",1000,0.156332955877096,0.139238448952928,0.143890888823807,0.157310514426195,0.147463193716261,0.190795117413911
"2006","Longnose Gar",1000,0.249247040684799,0.22429271227289,0.231344497096788,0.25096570301577,0.235077109769472,0.304597116490784
"2006","Pinfish",1000,0.25047148973772,0.208802238203674,0.213035689120474,0.251330706426883,0.224064917689298,0.341275399169231
"2006","Red Drum",1000,0.111519331406991,0.0953978689233474,0.101933075241229,0.110978924027575,0.105965205843125,0.118604319653937
"2006","Sheepshead",1000,0.199433236244038,0.169463841809347,0.177621959859379,0.20072948349116,0.185034985014178,0.258621375796153
"2006","Silver Perch",1000,0.163022619918273,0.147014817558352,0.15173262510293,0.163335099656176,0.155256058768546,0.19023552829952
"2006","Southern Flounder",1000,0.06846909402516,0.0621461544965246,0.0642914228167892,0.0685575103426222,0.0656965565445317,0.0768604013260955
"2006","Southern Kingfish",1000,0.176213306749117,0.160460070215121,0.16239995249622,0.177071318500852,0.165853132157177,0.20802659838115
"2006","Spot",1000,0.127601596620317,0.0868066997486902,0.106918796945032,0.126050630725271,0.11315735930494,0.149545087736954
"2006","Spotted Seatrout",1000,0.0676546558237529,0.058934701638693,0.0627864493114122,0.0674236696061535,0.06469045498429,0.0720693031709592
"2006","Striped Burrfish",1000,0.190772694365503,0.174478367153991,0.17579523743957,0.193174999714792,0.180388202496197,0.253115920422469
"2006","Striped Mullet",1000,0.102353410629685,0.0905283022656035,0.0954891228697345,0.102144791816755,0.0976711098256191,0.113448262584693
"2007","American Harvestfish",1000,0.234976412537591,0.215187705944706,0.217290849351722,0.237089102588125,0.222376934135192,0.292217029336518
"2007","Atlantic Croaker",1000,0.120021663660414,0.109126873412718,0.110910642914485,0.120876469795678,0.113171291171263,0.147768036540824
"2007","Atlantic Menhaden",1000,0.450302485623971,0.245963362699831,0.252959612415442,0.433326775842349,0.269874771880941,0.625827941712609
"2007","Atlantic Sharpnose Shark",1000,0.34893979581472,0.224571743303101,0.226970274271946,0.35014958883163,0.242916230074432,0.529983795096762
"2007","Atlantic Stingray",1000,0.115912228457304,0.107442748679674,0.109944360556988,0.116247871318134,0.11162696291895,0.13535833980147
"2007","Black Drum",1000,0.2022025866991,0.155887782053186,0.173877417572723,0.200971296259051,0.184692625454211,0.229744468616686
"2007","Blue Crab",1000,0.107747600159309,0.0780399061667682,0.0839541470926265,0.10705651520681,0.0981756613567738,0.129149154112924
"2007","Bluefish",1000,0.324328338955539,0.252505896918521,0.260305819070495,0.321948872153188,0.277916086208184,0.434625566585403
"2007","Bonnethead",1000,0.137520529781902,0.120665281960426,0.125580683692338,0.138425201909787,0.129195038678407,0.172431310779079
"2007","Gizzard Shad",1000,0.523557952740361,0.469400618376606,0.469865725636279,0.524863189665596,0.470073710445856,0.998490745625759
"2007","Hardhead Catfish",1000,0.372501595233114,0.310143599507608,0.310972484152862,0.376618559626562,0.325090751711032,0.557879339168814
"2007","Horseshoe Crab",1000,0.377614355855738,0.329744137364248,0.335181407332242,0.37822287217934,0.336278099067091,0.994096603314437
"2007","Ladyfish",1000,0.162508734754841,0.143379403607759,0.148274821622229,0.163317569995586,0.152428718306521,0.198799327605661
"2007","Longnose Gar",1000,0.223229754262192,0.171913922362317,0.17804292596853,0.224829505360064,0.188376073872028,0.349073776180999
"2007","Pinfish",1000,0.200285687070497,0.159149746031096,0.166358540383097,0.199220997373914,0.174738224436209,0.248432045370154
"2007","Red Drum",1000,0.0937968654635468,0.0857050886848631,0.0890969442663795,0.0936935415403018,0.090924760477306,0.100166348760583
"2007","Sheepshead",1000,0.220238046037682,0.182470525867336,0.198186982249211,0.221725158054737,0.206562499186551,0.275181489694736
"2007","Silver Perch",1000,0.227751328047014,0.165272530526861,0.176692468365172,0.223702651391227,0.187227163676092,0.272079181551011
"2007","Southern Flounder",1000,0.0797492573712758,0.0741674065281163,0.0759663614520354,0.0798358911003284,0.0771071955503994,0.0870704565959213
"2007","Southern Kingfish",1000,0.176626149908926,0.155983060468388,0.161356356551594,0.177560242240531,0.165334525142065,0.21723758818333
"2007","Spot",1000,0.14686201613129,0.11108254421044,0.121578491020865,0.146003551435788,0.13452913378803,0.168179482180352
"2007","Spotted Seatrout",1000,0.0714849649934534,0.0652615061605595,0.067893583628549,0.0714206531456495,0.0691468402709416,0.0763763963850145
"2007","Striped Burrfish",1000,0.173420075365077,0.158376319678024,0.159925403051779,0.175229814036412,0.162857192380547,0.228901881996644
"2007","Striped Mullet",1000,0.108025099266161,0.0862122655120427,0.0938674005659567,0.107166345084937,0.0987218453588992,0.120136604051403
"2008","American Harvestfish",1000,0.387644350516147,0.198226565794997,0.233806374905013,0.37246665952603,0.256119398521429,0.464242023061173
"2008","Atlantic Croaker",1000,0.179976478240397,0.102408106040015,0.110428418216506,0.173913785522555,0.11936730397514,0.261361915476606
"2008","Atlantic Menhaden",1000,0.309983800837814,0.250711651579237,0.273339762230363,0.311650416530822,0.290456117021312,0.389054411204371
"2008","Atlantic Sharpnose Shark",1000,0.194110109453008,0.176926342183576,0.17807978104229,0.198801555529982,0.179542713200998,0.296108945685251
"2008","Atlantic Stingray",1000,0.112069527294145,0.100510678906732,0.103352162718774,0.112144453144731,0.10657328622876,0.126518550334238
"2008","Black Drum",1000,0.170697967153782,0.114633656768216,0.121088389711652,0.164431366706156,0.128520367524761,0.194776898474664
"2008","Blue Crab",1000,0.0867302899679067,0.0788091365790524,0.0811555939959252,0.0870073356124441,0.0830101723312406,0.0995506173984856
"2008","Bluefish",1000,0.197783895358484,0.167171281737681,0.172261989478316,0.198837220177725,0.181580366608051,0.274293340562508
"2008","Bonnethead",1000,0.170133704147649,0.138649454183828,0.153458934355707,0.171187155048012,0.158832640606233,0.214398961628775
"2008","Gizzard Shad",1000,0.287746693617594,0.263688116440386,0.267049111544368,0.293650431125987,0.270843729803459,0.404901932179849
"2008","Hardhead Catfish",1000,0.348814440773907,0.33021139372307,0.330529450376649,0.369394906521456,0.330831714932126,0.573906375875037
"2008","Horseshoe Crab",1000,0.295717421486411,0.265356654056727,0.267868121145733,0.302157794867012,0.268958233602898,0.615048963829599
"2008","Ladyfish",1000,0.160849302124634,0.135073542994368,0.143137180544709,0.161648038862257,0.149932573401383,0.197093906854407
"2008","Longnose Gar",1000,0.341993819444639,0.153973356332587,0.158990788723461,0.323453316422637,0.168648827723385,0.468013348059067
"2008","Pinfish",1000,0.180567668814985,0.13042832232364,0.149377562460276,0.179835641905487,0.158071614406497,0.221189958436458
"2008","Red Drum",1000,0.104306697706687,0.0838551849943318,0.0906706127485444,0.102972139185314,0.0936019589431826,0.11426539370792
"2008","Sheepshead",1000,0.194230141220434,0.159884655507551,0.164819132378612,0.193933480798742,0.174721671400931,0.243262245273531
"2008","Silver Perch",1000,0.214831222551743,0.142681005090711,0.149570435679576,0.209497211624136,0.157548607751488,0.290346414715287
"2008","Southern Flounder",1000,0.075929524031327,0.0697895870922772,0.0719139492075983,0.0762807050056507,0.0731473689294035,0.0846998551658767
"2008","Southern Kingfish",1000,0.181270507075406,0.163170724475543,0.16735660618012,0.182188155567676,0.171043076493667,0.227110179392129
"2008","Spot",1000,0.143552070788942,0.0878891282083662,0.098531571660943,0.13984175585398,0.114964927041896,0.170645634643361
"2008","Spotted Seatrout",1000,0.0774723578223022,0.0681004251689801,0.0733228934692,0.0774531204561741,0.0748380579545233,0.0846495950104422
"2008","Striped Burrfish",1000,0.149090640245816,0.136156056919334,0.13718876616453,0.151068531084379,0.140008088311062,0.217996991147815
"2008","Striped Mullet",1000,0.120163705108443,0.100989935465832,0.110561832508046,0.119984339538184,0.11425490263612,0.132991950879863
"2009","American Harvestfish",1000,0.326185454624026,0.220894016637685,0.233651969395521,0.322391877099345,0.247850243455649,0.436869375688225
"2009","Atlantic Croaker",1000,0.0911848704204471,0.0827250505981217,0.0853150328447773,0.0914993482019615,0.086712642014394,0.113730345832581
"2009","Atlantic Menhaden",1000,0.401557854729463,0.232629250734921,0.267930733140656,0.398482343142013,0.287266784803669,0.606736470075658
"2009","Atlantic Sharpnose Shark",1000,0.192802454691499,0.174922798920527,0.176605624669333,0.196471819135939,0.177718982781186,0.299136816352561
"2009","Atlantic Stingray",1000,0.148971206298099,0.128768926869648,0.136650074797089,0.149308080761686,0.141362048922586,0.170886901315486
"2009","Black Drum",1000,0.141316000014673,0.110394055189873,0.120908025285601,0.140083388199691,0.126491482481342,0.157931569580976
"2009","Blue Crab",1000,0.105617805747741,0.086572637268895,0.091485446232194,0.105106248578957,0.0949910471355934,0.123620048609983
"2009","Bluefish",1000,0.19224116652901,0.163092452620199,0.169805044551994,0.193495240574852,0.178489600365899,0.250738093673497
"2009","Bonnethead",1000,0.138174844496886,0.125148306103186,0.127571268883233,0.138828880575813,0.130347618960578,0.168361455113604
"2009","Gizzard Shad",1000,0.39409105598939,0.250550538247752,0.257231315169286,0.387372705841524,0.273184667123812,0.554872136270085
"2009","Hardhead Catfish",1000,0.33625690777306,0.313980155178827,0.314550284279439,0.351531484447194,0.314842664671568,0.523605376267245
"2009","Horseshoe Crab",1000,0.302423168875642,0.271995340534466,0.278603591801551,0.31627746158341,0.279999425478999,0.576833883495246
"2009","Ladyfish",1000,0.123356521805035,0.112983302690348,0.115989674472006,0.123981842964556,0.117899144037807,0.142942645612013
"2009","Longnose Gar",1000,0.251643810139268,0.166588563016799,0.195957272902156,0.251066480581214,0.231628514371548,0.305432519331029
"2009","Pinfish",1000,0.143757030716352,0.131277105128946,0.133714946531832,0.144319358052899,0.136076322609225,0.174885218631943
"2009","Red Drum",1000,0.108141718000746,0.0941169415055502,0.0991431152581372,0.107837398426021,0.102392303088454,0.119927888139124
"2009","Sheepshead",1000,0.18370737564351,0.162655100039825,0.16848531997706,0.184494156880338,0.173283528377522,0.224456623436485
"2009","Silver Perch",1000,0.334307920644071,0.150534989193816,0.155738645310115,0.3142422036661,0.161379159403779,0.453561848291279
"2009","Southern Flounder",1000,0.0876807246227572,0.0809096940810955,0.0829561110482993,0.0876706519846277,0.084312343889668,0.0960835207287263
"2009","Southern Kingfish",1000,0.14811086481139,0.133401828907849,0.137437091544171,0.148856101387524,0.140677663984133,0.179247380656821
"2009","Spot",1000,0.109449926948607,0.0947467879056498,0.0999668844866817,0.109437247066517,0.103759409122173,0.126636875294378
"2009","Spotted Seatrout",1000,0.0731907165752173,0.0656728318668784,0.0681605183504756,0.0729336837871594,0.0698143476543701,0.0781798582178926
"2009","Striped Burrfish",1000,0.247668362499819,0.20190890158067,0.208832568050125,0.249941226888215,0.220061050349257,0.341375340130735
"2009","Striped Mullet",1000,0.137826621978179,0.100418839959033,0.10659535995873,0.134923567228718,0.112708705375904,0.157960925925842
"2010","American Harvestfish",1000,0.604942836913075,0.206786435064146,0.266544008678204,0.571836836087756,0.364541141050957,0.696794140822251
"2010","Atlantic Croaker",1000,0.158603902215844,0.117315535869418,0.12330701685672,0.15708679164396,0.131247818414957,0.207578601304155
"2010","Atlantic Menhaden",1000,0.467819261425931,0.252090696579963,0.284626189768582,0.452029833637902,0.30484303148421,0.64872189010021
"2010","Atlantic Sharpnose Shark",1000,0.203731716688238,0.172096554950102,0.17436597168492,0.207615433717801,0.183290936458582,0.332008784985321
"2010","Atlantic Stingray",1000,0.134707953090394,0.111759155465131,0.121520993851301,0.135122002211034,0.127150320698631,0.159243918094374
"2010","Black Drum",1000,0.151922252226276,0.136753270782421,0.142437720657167,0.152383969592909,0.145572837633993,0.174714416442324
"2010","Blue Crab",1000,0.166878396266969,0.0982815776029203,0.12385170656582,0.162774776546959,0.131934326746323,0.199298373136682
"2010","Bluefish",1000,0.162452534837777,0.146417180648084,0.150673606583327,0.163354739188525,0.153848621080457,0.189926645165173
"2010","Bonnethead",1000,0.18430119674377,0.160655375427148,0.170206121798448,0.185980550420453,0.173883641972099,0.236722425348918
"2010","Gizzard Shad",1000,0.343500628408479,0.283141129303953,0.300540235395996,0.344760801605963,0.315039581165635,0.465441545739741
"2010","Hardhead Catfish",1000,0.480263848685704,0.442115285193723,0.442546715385392,0.487521677493413,0.442763751937877,0.742958203107036
"2010","Horseshoe Crab",1000,0.332460263836328,0.318911235064928,0.322313043805381,0.362561721262159,0.323825987253913,0.793188929506007
"2010","Ladyfish",1000,0.159523704912476,0.14553747426009,0.148567572501712,0.160230182499985,0.152021459161397,0.189777404201124
"2010","Longnose Gar",1000,0.235919448551226,0.183682320721917,0.22298636885743,0.240805481235756,0.226234173654822,0.332773063847079
"2010","Pinfish",1000,0.137719643897691,0.124755719665043,0.127635248626117,0.138418389438671,0.12942373368272,0.166148241518205
"2010","Red Drum",1000,0.0862505281861556,0.0794243672546195,0.082274184523881,0.0863289945537934,0.0834199923444668,0.0942870154151835
"2010","Sheepshead",1000,0.185366415632049,0.153932735425257,0.163188380681675,0.185426326125279,0.172110568949477,0.221077895929105
"2010","Silver Perch",1000,0.188072931629086,0.171611387781457,0.174372214860867,0.189340723207649,0.178491109765291,0.227802473636821
"2010","Southern Flounder",1000,0.0766528990825026,0.0706111795517829,0.0726690064629532,0.0767658734263929,0.0739413124777998,0.0847163529405997
"2010","Southern Kingfish",1000,0.170293370744597,0.155093612692772,0.157198507472812,0.171011154616504,0.161091595481934,0.210464171874178
"2010","Spot",1000,0.146840428271029,0.123129459684815,0.135643787692817,0.147375020125652,0.139108566840653,0.172684167912566
"2010","Spotted Seatrout",1000,0.0849109770299852,0.0657638683211786,0.0767544472659661,0.084584441414065,0.0802772040232945,0.0943493521794701
"2010","Striped Burrfish",1000,0.170641686919838,0.154913185118241,0.157545803985195,0.171880415903684,0.160861687230798,0.215262931563288
"2010","Striped Mullet",1000,0.12645014077665,0.0943716933775768,0.100788403649801,0.123619722754643,0.104476579441078,0.140853609541524
"2011","American Harvestfish",1000,0.24720328960534,0.185241803810565,0.231561855384447,0.252806494134188,0.234795696018317,0.372710768058204
"2011","Atlantic Croaker",1000,0.145089526461107,0.107506511036399,0.12089429689468,0.144879737200687,0.129028487702365,0.198317006351725
"2011","Atlantic Menhaden",1000,0.355357715423901,0.22605759943526,0.295886227903349,0.355287511240075,0.32810491235963,0.450403687080405
"2011","Atlantic Sharpnose Shark",1000,0.30996822912726,0.1715036280931,0.177308051838587,0.306423275456033,0.198418001584768,0.502406317654143
"2011","Atlantic Stingray",1000,0.122128749063199,0.112486773258388,0.115324916228264,0.12224451191122,0.11708880073747,0.139278879783635
"2011","Black Drum",1000,0.25838671849237,0.195809497017398,0.210986291227364,0.259489168840995,0.242173124173128,0.341704387044941
"2011","Blue Crab",1000,0.115486932407877,0.0685505195706837,0.0782749212390316,0.111403595855496,0.0839803671142341,0.138419579317913
"2011","Bluefish",1000,0.195722915549073,0.16573468552677,0.183449092214523,0.196873193659306,0.187001894949473,0.234531516744171
"2011","Bonnethead",1000,0.198988413227721,0.171893794412854,0.181374165822671,0.201102993098061,0.185680411275639,0.264074645768579
"2011","Gizzard Shad",1000,0.590441129066759,0.327672585835212,0.371987946685824,0.582869175759441,0.39138703649337,0.84194647122302
"2011","Hardhead Catfish",1000,0.440316790457129,0.439066804508821,0.439644019036065,0.500895982459127,0.43982252631924,0.998641761132752
"2011","Horseshoe Crab",1000,0.354963158521446,0.305434956411431,0.308938268032919,0.36665370150038,0.342211338656749,0.495909297255866
"2011","Ladyfish",1000,0.183333460267658,0.164773800869788,0.169172295863139,0.184542094958697,0.172393158307643,0.227132770502502
"2011","Longnose Gar",1000,0.200114505390418,0.163337924418771,0.184260124493147,0.200947927084632,0.188005412169532,0.240662359865039
"2011","Pinfish",1000,0.267943007786537,0.181359904793131,0.186257276165385,0.266282113147611,0.197372235947987,0.393407933645989
"2011","Red Drum",1000,0.153934821079435,0.0993985845951285,0.103773139993727,0.1467551516794,0.107034756721324,0.170435372302258
"2011","Sheepshead",1000,0.19308996631334,0.172229505313646,0.178127834784079,0.194368520407969,0.182148508228872,0.232574779577065
"2011","Silver Perch",1000,0.376288060815878,0.351712160232312,0.351724410038384,0.389925303265717,0.351735923274312,0.706243755343502
"2011","Southern Flounder",1000,0.0974749544186182,0.073944659074229,0.0761672624715691,0.0949391375615285,0.0785674544663993,0.111771567888513
"2011","Southern Kingfish",1000,0.216792717471304,0.179997718088908,0.186516366344209,0.216773099400856,0.196430828078687,0.281611865279627
"2011","Spot",1000,0.10979166383509,0.0985916123274893,0.103179480522055,0.110125023915119,0.105250655080196,0.124944325935513
"2011","Spotted Seatrout",1000,0.0898907583396494,0.0735725788271699,0.077593547710202,0.088736869075903,0.0797395487113435,0.100276696791402
"2011","Striped Burrfish",1000,0.176684231016126,0.148643655316807,0.153463359393167,0.177590212284333,0.162208190897916,0.230686892716946
"2011","Striped Mullet",1000,0.119200357226689,0.10316471184839,0.111221485946838,0.1190469836213,0.114079807114631,0.131629093002621
"2012","American Harvestfish",1000,0.257260945070305,0.240022136799031,0.241261426301859,0.264921771179652,0.242582023131275,0.402000394824873
"2012","Atlantic Croaker",1000,0.123460136338913,0.10991044195392,0.113831299653564,0.124205339818083,0.116280916703922,0.14720982333707
"2012","Atlantic Menhaden",1000,0.433047840990046,0.195653550786775,0.23181888496866,0.412158616514274,0.247214957623183,0.57551796096403
"2012","Atlantic Sharpnose Shark",1000,0.210157352243664,0.190430512668797,0.192220391851596,0.213273391716356,0.193526637466034,0.314106585665479
"2012","Atlantic Stingray",1000,0.125528212426075,0.107577430796678,0.11158645952447,0.124871868111294,0.115488857602524,0.144102260285841
"2012","Black Drum",1000,0.185464827196447,0.136205876015514,0.150229601694381,0.18128092318503,0.15689241924675,0.202580439981027
"2012","Blue Crab",1000,0.103788935433529,0.0732372552825312,0.0805820859648533,0.101698134075343,0.0850723888241914,0.127787070611973
"2012","Bluefish",1000,0.289427448055488,0.240662684854905,0.248520299023662,0.287762791383606,0.265768208777053,0.360206912884379
"2012","Bonnethead",1000,0.141576482334384,0.128159089197197,0.12889934567995,0.14224428472286,0.133247304548256,0.172541772787696
"2012","Gizzard Shad",1000,0.483826473285077,0.348223537291887,0.355452495093578,0.477469778142234,0.379732706417284,0.668515792262062
"2012","Hardhead Catfish",822,0.998565933630019,0.99826693536692,0.998357774069721,0.998557883396158,0.998430055576704,0.99878600646248
"2012","Horseshoe Crab",1000,0.267100476626413,0.246125764619313,0.24789060542839,0.276886090041209,0.249182985195671,0.538538049493038
"2012","Ladyfish",1000,0.152518370514798,0.119254396904537,0.12504951040855,0.151539133545902,0.132712503906046,0.198486957571945
"2012","Longnose Gar",1000,0.233787329091345,0.16306110039967,0.218800128719367,0.236351061036924,0.221017625511636,0.297884054357916
"2012","Pinfish",1000,0.210063589049027,0.163967043591945,0.196355702108844,0.211562031277572,0.199549691113068,0.258558206621169
"2012","Red Drum",1000,0.135407356401225,0.088162534645176,0.101713539192744,0.132421296506355,0.114765860037358,0.152061522845846
"2012","Sheepshead",1000,0.174672801465203,0.159009237109652,0.161275679522719,0.175257381498644,0.164737709131232,0.206941713860278
"2012","Silver Perch",1000,0.249210492856876,0.213534519151231,0.222469296134889,0.249533458896469,0.228550975479228,0.325860805120917
"2012","Southern Flounder",1000,0.0892190334274464,0.081573579039882,0.0837410712387111,0.089305088171758,0.0856997041207118,0.0977283790559993
"2012","Southern Kingfish",1000,0.132907472127562,0.122404902352155,0.124793981207702,0.133598132460711,0.126891080297131,0.155690674557965
"2012","Spot",1000,0.109926824952696,0.100927456933223,0.10385349622291,0.110185373696541,0.105583430927329,0.124861939711674
"2012","Spotted Seatrout",1000,0.0578836439897931,0.0539336846000721,0.0555905632572905,0.0579394169252058,0.0563691025143428,0.0622557373846239
"2012","Striped Burrfish",1000,0.205127808246028,0.187166895126566,0.188160781427362,0.209241898023181,0.189469877342629,0.312432709530222
"2012","Striped Mullet",1000,0.135530974630886,0.107473546407415,0.112577025396857,0.132959705967114,0.115615932069471,0.148218099475122
"2013","American Harvestfish",1000,0.286335679097092,0.207899781526287,0.240524612408355,0.286128961826309,0.265564469027597,0.35851933553335
"2013","Atlantic Croaker",1000,0.126580927005403,0.111697430583746,0.116695909938464,0.127361243751129,0.119176530934242,0.160650307828363
"2013","Atlantic Menhaden",1000,0.542114404391318,0.293184456315055,0.334515708153138,0.524003334968773,0.352056774334067,0.717752108102243
"2013","Atlantic Sharpnose Shark",1000,0.222348178787525,0.20481619115264,0.207744415469735,0.232628404048195,0.209061815592825,0.407827678253105
"2013","Atlantic Stingray",1000,0.136325148830315,0.118136640235362,0.126142339156024,0.136242784009036,0.129913490695112,0.151896740761831
"2013","Black Drum",1000,0.254394253559223,0.144157215310597,0.163861229963109,0.242888527757236,0.172160626958152,0.318098173150096
"2013","Blue Crab",1000,0.141402480886108,0.0812656247952977,0.0882967793674559,0.135914629138656,0.0946882207052426,0.179278396963519
"2013","Bluefish",1000,0.363629332305997,0.26854544590796,0.277848834610267,0.360999055396807,0.300551045485318,0.521482209468363
"2013","Bonnethead",1000,0.133212802698221,0.119322678535355,0.122244116592103,0.134432412725277,0.125413700986879,0.169694001678467
"2013","Gizzard Shad",1000,0.302053553529502,0.26654843501034,0.275328715882128,0.305692376908839,0.279189445089098,0.395297465503892
"2013","Hardhead Catfish",806,0.998288219426477,0.997813330858183,0.998013188424778,0.998273759543704,0.998112747436205,0.998555616083548
"2013","Horseshoe Crab",1000,0.277954556136826,0.249189768507359,0.252980069095511,0.282615208071306,0.254460546595475,0.479458100472737
"2013","Ladyfish",1000,0.194797628333702,0.163578683607088,0.176307803832511,0.196627808853241,0.18323031656826,0.252031559308804
"2013","Longnose Gar",1000,0.18383783099061,0.154378085130854,0.162905013470114,0.184678923075099,0.170879743807866,0.23505198840498
"2013","Pinfish",1000,0.192287826792083,0.170520985555893,0.176008411875859,0.193868606074281,0.180084099170688,0.264740935989084
"2013","Red Drum",1000,0.109742948956581,0.0986241744641138,0.103135738579077,0.109651153904768,0.105299159469978,0.11962118379104
"2013","Sheepshead",1000,0.159687064258075,0.140339449927927,0.14397047713298,0.16037117006478,0.149217983245428,0.191862785272169
"2013","Silver Perch",1000,0.210212851005019,0.183195452526779,0.194780967773552,0.211866277230339,0.199189512983885,0.262449225472803
"2013","Southern Flounder",1000,0.0868612907215082,0.0788836540869316,0.0818491894558969,0.0870442398753825,0.0835203341672437,0.0984587196914223
"2013","Southern Kingfish",1000,0.13505870406621,0.116536323578053,0.120002146913642,0.134708820282409,0.12452223449302,0.157397268119649
"2013","Spot",1000,0.0970282468025986,0.0868927907422923,0.090493112612599,0.0972801193461716,0.0923930481026239,0.110984014840427
"2013","Spotted Seatrout",1000,0.0715974724196742,0.0574004897634011,0.063067981090379,0.0708355374870724,0.0661647421265642,0.0773622870937247
"2013","Striped Burrfish",1000,0.224162073829795,0.200817618207497,0.202677903570845,0.230205915522261,0.209236596276489,0.343924419575684
"2013","Striped Mullet",1000,0.1194771194191,0.0940993302845374,0.10652549278103,0.118577988083409,0.110433149030951,0.131984330364731
"2014","American Harvestfish",1000,0.239629241057933,0.201979013686419,0.20868685643467,0.241299721509194,0.220905186794925,0.320709634188183
"2014","Atlantic Croaker",1000,0.102218614070936,0.0901179959224608,0.0934884390343608,0.102502726523766,0.096197094375985,0.121518050744831
"2014","Atlantic Menhaden",1000,0.235669303879945,0.165397963479537,0.170930579020428,0.232855194183562,0.180053161837046,0.329136158073939
"2014","Atlantic Sharpnose Shark",1000,0.197576035207352,0.17836103816396,0.180606379161418,0.200154123412833,0.182403656838972,0.277217331542258
"2014","Atlantic Stingray",1000,0.116972483562897,0.105282077780526,0.108295106464122,0.117188646720196,0.111213853873381,0.13416204843838
"2014","Black Drum",1000,0.271324590045321,0.168370082672366,0.175374186980645,0.263253719952998,0.183211501649643,0.338302974058973
"2014","Blue Crab",1000,0.111824258257167,0.0976310344096963,0.10266429822551,0.11226972867719,0.105615179175933,0.130402137357905
"2014","Bluefish",1000,0.233998380765641,0.178328561239871,0.204387249977319,0.234966383087878,0.217959447426971,0.286840315074565
"2014","Bonnethead",1000,0.109321113462613,0.0990023528065288,0.10106385117895,0.110300311194143,0.103477253446762,0.138703258416157
"2014","Gizzard Shad",1000,0.482741836818514,0.321661902741823,0.322413965994638,0.473431342291153,0.353634351124109,0.634022809591746
"2014","Hardhead Catfish",1000,0.57411965769543,0.524615531052437,0.525233188718127,0.582758939218402,0.525390647931752,0.743067312704445
"2014","Horseshoe Crab",1000,0.286180161476452,0.26952792165899,0.27728874403473,0.313520778337022,0.278952359999665,0.738631183563882
"2014","Ladyfish",1000,0.157585489597355,0.137297507609538,0.143775683499704,0.158650913108662,0.148101886218991,0.204917446149267
"2014","Longnose Gar",1000,0.209970782471613,0.120792406198372,0.185216394060209,0.209577003754242,0.194583500926827,0.265763077417972
"2014","Pinfish",1000,0.187402304378153,0.170081585234672,0.173259045698583,0.188736463767997,0.176803489296462,0.242224067236473
"2014","Red Drum",1000,0.12420536243695,0.0927814994295004,0.105173325117236,0.122579757956676,0.110243679372395,0.138248012113652
"2014","Sheepshead",1000,0.212386155628941,0.157578829568549,0.178355878839267,0.211789301535946,0.194583000346601,0.263612220478244
"2014","Silver Perch",1000,0.171902312589471,0.155026852032062,0.161105823639831,0.173007498018044,0.164553032525245,0.205774951652655
"2014","Southern Flounder",1000,0.103654170643226,0.0838196589505043,0.0863682720082833,0.102136886996353,0.0890388914535756,0.122896790206605
"2014","Southern Kingfish",1000,0.140149898495126,0.128471097868948,0.131343631756019,0.141098938202161,0.133789525057819,0.17244421452031
"2014","Spot",1000,0.119568989584785,0.0948724658773501,0.10432006127528,0.119160002657286,0.110201590155293,0.138686472316886
"2014","Spotted Seatrout",1000,0.0809935490560784,0.0688445175086151,0.0710162686239023,0.0802007179773512,0.074124307190945,0.0886480276336621
"2014","Striped Burrfish",1000,0.271997656794051,0.22717374107768,0.24577163751681,0.275112655792422,0.251385584984066,0.373031978714375
"2014","Striped Mullet",1000,0.155209904067607,0.105177114569881,0.115313496196798,0.153448168461453,0.138530308661893,0.18289298173848
"2015","American Harvestfish",1000,0.283302670536272,0.244927852395336,0.26162632431723,0.285581410299635,0.265810397474591,0.390635323807852
"2015","Atlantic Croaker",1000,0.18445366300556,0.127111809996353,0.154963300121385,0.185034985695229,0.169806092112868,0.246428815949841
"2015","Atlantic Menhaden",1000,0.185636082148386,0.168436169714577,0.172113285328687,0.188091039907925,0.175164300948185,0.245496939571709
"2015","Atlantic Sharpnose Shark",1000,0.2053401819301,0.177618113290671,0.180978157811557,0.209897167808918,0.188478761768283,0.393486284832444
"2015","Atlantic Stingray",1000,0.113867784736766,0.0954968616982785,0.103991049612424,0.11441255643718,0.107983090450597,0.135351039717508
"2015","Black Drum",1000,0.144500451689056,0.127722811445804,0.132072096528543,0.144858463139109,0.136933642757266,0.164648476256597
"2015","Blue Crab",1000,0.152129159723288,0.078019598094951,0.0985820005397174,0.147767936499411,0.116292006683375,0.182624763466791
"2015","Bluefish",1000,0.1855031761631,0.169744533607747,0.173866047937939,0.187198589027874,0.176574389220561,0.239004076190802
"2015","Bonnethead",1000,0.158785933623292,0.144437375722033,0.147505107670904,0.159656930884651,0.150539402449629,0.188541834435654
"2015","Gizzard Shad",1000,0.411509395396297,0.259816818921752,0.263993780808958,0.398875777364635,0.277330660581762,0.509263440500225
"2015","Hardhead Catfish",1000,0.660799739824413,0.660028174152405,0.660323836904493,0.722680155153696,0.660446494702353,0.998430334847073
"2015","Horseshoe Crab",1000,0.494545314754995,0.305156916842608,0.328948185095714,0.492018454531448,0.37395637953699,0.634374384225211
"2015","Ladyfish",1000,0.160243152276718,0.140422991907634,0.144561447274153,0.160964839215307,0.15004444213466,0.199637111278214
"2015","Longnose Gar",1000,0.186014865332231,0.157669823911759,0.168396608592532,0.187051628924201,0.174693516499423,0.230578156727368
"2015","Pinfish",1000,0.174603952734636,0.156807493718517,0.159886242059947,0.175498233022214,0.164698702158415,0.213965536514787
"2015","Red Drum",1000,0.112118136924518,0.0987088938011518,0.102437744959032,0.111788494677389,0.105991034886243,0.122338054078503
"2015","Sheepshead",1000,0.174438515975995,0.153944725006116,0.160075061885317,0.175032202510546,0.163853304942815,0.212611666709141
"2015","Silver Perch",1000,0.166866333996111,0.153437788508862,0.156081988374805,0.168401801391348,0.158324758784648,0.219953174434843
"2015","Southern Flounder",1000,0.0858370071582319,0.0775181818786737,0.080335484487256,0.0859864933559783,0.0822337296575617,0.0961373031079738
"2015","Southern Kingfish",1000,0.141892005218631,0.124904757381546,0.130349230600674,0.14222764243363,0.134565373105534,0.164586405453814
"2015","Spot",1000,0.283577968928624,0.103700691556653,0.181769489710219,0.272552772187155,0.202048770223763,0.341063355356398
"2015","Spotted Seatrout",1000,0.0798576047204721,0.0638310457349092,0.0701927656222338,0.079183904495858,0.0737006971586784,0.0867565912100244
"2015","Striped Burrfish",1000,0.181452867146809,0.164394562359453,0.165596652828539,0.182831051796894,0.169486830074351,0.231297373427601
"2015","Striped Mullet",1000,0.138986452692178,0.129379198939115,0.132521549297274,0.139350749106617,0.134304105110147,0.157657852908352
"2016","American Harvestfish",1000,0.204863009352205,0.18464134992325,0.189774650457863,0.207629538180286,0.192524936139357,0.269133837067822
"2016","Atlantic Croaker",1000,0.14238758984812,0.116609254523449,0.123505689013111,0.142925807267216,0.130895748680755,0.180520366261465
"2016","Atlantic Menhaden",1000,0.265773692847773,0.19524809247626,0.214858980424345,0.267856850190851,0.233867406996563,0.383509643326903
"2016","Atlantic Sharpnose Shark",1000,0.316058709392211,0.243353392896181,0.245281719448737,0.331565152127133,0.253920022508937,0.626174509649838
"2016","Atlantic Stingray",1000,0.127627424079462,0.105240718177488,0.111156673765496,0.127338661243228,0.116532725887201,0.147626923207663
"2016","Black Drum",1000,0.130438085667139,0.122409498908718,0.124607695139684,0.130682144222093,0.126481010198446,0.141640768536857
"2016","Blue Crab",1000,0.143237915523796,0.0909275481009109,0.0973165982741184,0.140092470098257,0.116124171809784,0.175856979105116
"2016","Bluefish",1000,0.190765197726145,0.175108103794856,0.177268792280771,0.193039857968818,0.17992939840196,0.249542235631436
"2016","Bonnethead",1000,0.126086478715841,0.113127138429796,0.116512039405358,0.126830974572113,0.119500490346097,0.150836914440921
"2016","Gizzard Shad",1000,0.304203694859593,0.186227058307838,0.231793593535768,0.307577633762839,0.287135974671627,0.39575308422638
"2016","Horseshoe Crab",1000,0.295735830613387,0.264102082625632,0.265728414515792,0.298229399388969,0.266917470199915,0.543128221527808
"2016","Ladyfish",1000,0.205955283444871,0.173916912986114,0.180380539073379,0.206661448304264,0.190307382489265,0.25792108628787
"2016","Longnose Gar",1000,0.265229164099341,0.147089525557424,0.201409774285695,0.263272296876149,0.214195294398107,0.350919522122241
"2016","Pinfish",1000,0.214192879531806,0.196272236506219,0.198781791142161,0.215580017019408,0.202372104805802,0.276378720785251
"2016","Red Drum",1000,0.133974923718354,0.103960495331853,0.109295308611123,0.131187049192014,0.112856344936732,0.149402581035864
"2016","Sheepshead",1000,0.208332774363805,0.180724499794148,0.19238421265951,0.209194803404654,0.198156062686494,0.245733003108785
"2016","Silver Perch",1000,0.246512583318282,0.160715522756127,0.177005054916945,0.240326058750197,0.187659502548042,0.309844604233837
"2016","Southern Flounder",1000,0.0998755124366182,0.0911869079570891,0.0942329060198886,0.100180076262589,0.0961455545034306,0.111814289257687
"2016","Southern Kingfish",1000,0.118055209668857,0.10886723511956,0.110631171059517,0.118627193894366,0.113004403026222,0.135681024587824
"2016","Spot",1000,0.12436778355257,0.107029937092721,0.115096096393318,0.124796648184586,0.118334320931095,0.147222357526211
"2016","Spotted Seatrout",1000,0.101926997814468,0.0647584914125911,0.0726932806718847,0.0982966886980335,0.0781193109405104,0.111664877437833
"2016","Striped Burrfish",1000,0.239168810360024,0.216009788874373,0.217105217015319,0.239302787503178,0.221959010794399,0.344969265456649
"2016","Striped Mullet",1000,0.184769986631709,0.144923294174709,0.157357556492081,0.183167474930709,0.162858222328546,0.229205061936834
"2017","American Harvestfish",1000,0.574195472192452,0.348873708887574,0.370728028440393,0.567491195254782,0.402350147890486,0.735705764564278
"2017","Atlantic Croaker",1000,0.128891301471275,0.117581171895961,0.120044152387848,0.129399373233777,0.12270539331179,0.156782991851317
"2017","Atlantic Menhaden",1000,0.245054063236879,0.204253081453464,0.214015249402729,0.246262467175207,0.227628222864736,0.317428228822315
"2017","Atlantic Sharpnose Shark",1000,0.320566644070735,0.256357304874174,0.258656300384795,0.321930128883633,0.28214979695247,0.466470153223578
"2017","Atlantic Stingray",1000,0.137727983623994,0.125642873655428,0.129713668585208,0.138244047001048,0.132337146630793,0.160392600584222
"2017","Black Drum",1000,0.116913636495431,0.107593378795439,0.110919725435046,0.117188748175895,0.112717803454455,0.131155225325139
"2017","Blue Crab",1000,0.114471000392787,0.089246046078091,0.100815878894198,0.114247273995446,0.106042376422736,0.133375784336277
"2017","Bluefish",1000,0.341845066414574,0.298551833030796,0.321202114583581,0.353431149722626,0.321461719990008,0.580986086363835
"2017","Bonnethead",1000,0.189136409065951,0.172252120095354,0.174064780867807,0.190936131632593,0.176630399922448,0.239742904721776
"2017","Gizzard Shad",1000,0.361112908945943,0.197396497922668,0.273753580825718,0.363853212585423,0.293679471013094,0.527324259152895
"2017","Hardhead Catfish",982,0.787761606590537,0.786925916598936,0.787280412260629,0.848857376190726,0.787453856614345,0.998152556637254
"2017","Horseshoe Crab",1000,0.462000388620058,0.315937409046272,0.319370575792491,0.45984027783835,0.352781988115881,0.624761174351536
"2017","Ladyfish",1000,0.165785008058017,0.151533122480147,0.154039614578431,0.166369439839087,0.15733743818734,0.202615821738709
"2017","Longnose Gar",1000,0.240096178497175,0.158537956846564,0.202861643134158,0.240667359817446,0.216086484551793,0.308495629614824
"2017","Pinfish",1000,0.308944174908247,0.177016141112346,0.230957533963664,0.303505703994591,0.251335980841544,0.376369440665732
"2017","Red Drum",1000,0.107719017967409,0.101168340734393,0.102864563829389,0.108014332710539,0.1044337530806,0.119534340825609
"2017","Sheepshead",1000,0.288431499490815,0.208854717138441,0.222781792134663,0.285981157332111,0.240580544346709,0.385208934835143
"2017","Silver Perch",1000,0.166901826178168,0.151298822750233,0.15606683465403,0.167891505740753,0.159122077175833,0.198632004397368
"2017","Southern Flounder",1000,0.121875296261636,0.111761068754915,0.114855324872401,0.122455774191963,0.116681852535853,0.140844657364457
"2017","Southern Kingfish",1000,0.141121809326795,0.123335440213437,0.130364261762641,0.141676639404536,0.133849074189101,0.163515378423604
"2017","Spot",1000,0.137803839771843,0.109095218187271,0.123405875889791,0.137487484373916,0.1300419056404,0.163120763394827
"2017","Spotted Seatrout",1000,0.0688747844958909,0.0643530381178815,0.0660212430064459,0.0688291038806788,0.0668656403899508,0.0732594932040123
"2017","Striped Burrfish",1000,0.36737837966473,0.3363376405242,0.338310036124137,0.373813344282488,0.338934278216738,0.658500093869484
"2017","Striped Mullet",1000,0.158159423583101,0.139898020566049,0.149643440624062,0.158349347589943,0.151848076265172,0.175335877852045
"2018","American Harvestfish",1000,0.285067322274196,0.263837508394548,0.264455125903685,0.289934101550307,0.264769677798066,0.429400947807136
"2018","Atlantic Croaker",1000,0.117839938073378,0.107698842084369,0.109989920694288,0.118434267831538,0.111860880078571,0.140198317535591
"2018","Atlantic Menhaden",1000,0.280238345403118,0.211697519190394,0.218398144535491,0.278179030880189,0.229159799549179,0.387048952936452
"2018","Atlantic Sharpnose Shark",1000,0.306738973870371,0.271204553657935,0.273645432707463,0.318039515810959,0.284243592133147,0.580905859683953
"2018","Atlantic Stingray",1000,0.129486783407676,0.113214826380005,0.117975949087761,0.129956511426621,0.122447845656467,0.166693828407259
"2018","Black Drum",1000,0.149178842136484,0.138230026449491,0.141500384036106,0.150749057768478,0.143712361769549,0.177399031859205
"2018","Blue Crab",1000,0.168889629666561,0.0902242752438534,0.0992901677031967,0.1615966992127,0.104809819114208,0.213515422103479
"2018","Bluefish",1000,0.270899488043218,0.172628850059261,0.178506173441559,0.264470131755967,0.188396348909099,0.372866949928843
"2018","Bonnethead",1000,0.211339711499697,0.160202883733148,0.178434645226962,0.211475391645632,0.189243707758388,0.27229926455371
"2018","Gizzard Shad",1000,0.387505612641233,0.225907514178387,0.229453202858575,0.380642937141403,0.23834245522386,0.605791048052486
"2018","Horseshoe Crab",1000,0.463161191426896,0.409986476844988,0.412324263006117,0.478388261593889,0.448422435417785,0.761878164031016
"2018","Ladyfish",1000,0.292559170977742,0.146512091330984,0.162753374569907,0.281924394802527,0.188021716111095,0.417250165062699
"2018","Longnose Gar",1000,0.203361103192129,0.147243006522298,0.164920531272688,0.202742986102788,0.172339648475323,0.27725523574751
"2018","Pinfish",1000,0.234494926192331,0.165036186329408,0.17239585592243,0.230042611290764,0.180442113090855,0.295786730642916
"2018","Red Drum",1000,0.199382118393173,0.108824419229655,0.118466778995129,0.190302833253516,0.123441137817332,0.228636634327795
"2018","Sheepshead",1000,0.173771855845058,0.147198423276034,0.155259382225417,0.174591845238009,0.162050594146787,0.210859899776755
"2018","Silver Perch",1000,0.207180021886158,0.190471154840978,0.194297369612239,0.209746359968287,0.196358740056808,0.24950018354455
"2018","Southern Flounder",1000,0.0947905021426129,0.087919008799002,0.0893628227122714,0.095108072261251,0.0911038221809088,0.108836387401477
"2018","Southern Kingfish",1000,0.192079274980289,0.175300710848799,0.178017122424959,0.193474819034512,0.180852795041186,0.242941546759282
"2018","Spot",1000,0.132480760984795,0.101906815477108,0.104955882990007,0.130075336937761,0.109171289260098,0.152973753101277
"2018","Spotted Seatrout",1000,0.0940115331682546,0.0765980787643597,0.0848614799456663,0.0935203784730398,0.0884039380994402,0.103577164990637
"2018","Striped Burrfish",1000,0.466365467481638,0.42217797847007,0.422855659360375,0.470699031766335,0.423179842140032,0.997513410388565
"2018","Striped Mullet",1000,0.178147348702281,0.1299820308269,0.164254961816711,0.178661920993767,0.170689939398703,0.205098847463877
